phenotype_name,accession_id,accession_name,accession_cs_number,accession_longitude,accession_latitude,accession_country,phenotype_value,obs_unit_id
FT10,10000,Tuescha-9,,9.05,48.53,GER,61.0,6520
FT10,100000,Wil-1,CS78702,25.3167,54.6833,Lithuania,71.6666666667,6521
FT10,10001,TueV-13,CS76407,9.05,48.52,GER,68.75,6522
FT10,10002,TueWal-2,CS76405,9.04,48.53,GER,61.0,6523
FT10,10003,WalHaesB4,,9.19,48.6,GER,81.25,6524
FT10,10004,Bolin-1,CS76373,25.74,44.46,Romania,81.75,6525
FT10,10005,Copac-1,CS76420,21.95,46.11,Romania,76.6666666667,6526
FT10,10006,Kastel-1,CS76395,34.3814,44.6419,Ukraine,113.5,6527
FT10,10007,Koch-1,,29.3244,50.3553,Ukraine,75.0,6528
FT10,10008,Sij-1,CS76379,70.05,41.45,Uzbekistan,79.25,6529
FT10,10009,Sij-2,CS76380,70.05,41.45,Uzbekistan,80.75,6530
FT10,10010,Sij-4,CS76381,70.05,41.45,Uzbekistan,85.0,6531
FT10,10011,Yeg-1,CS76394,45.3622,39.8692,Armenia,71.0,6532
FT10,10012,Istisu-1,CS76389,48.5594,38.9786,Azerbaijan,113.5,6533
FT10,10013,Lerik1-3,CS76388,48.6131,38.7406,Azerbaijan,92.25,6534
FT10,10014,Xan-1,CS76387,48.7992,38.6536,Azerbaijan,96.75,6535
FT10,10015,Ara-1,CS76382,71.3,37.29,Afghanistan,69.75,6536
FT10,10016,Del-10,,21.1828,44.9444,SRV,89.0,6537
FT10,10017,Petro-1,CS76370,21.46,44.34,Serbia,87.5,6538
FT10,10018,Dobra-1,CS76369,20.16,44.84,Serbia,90.0,6539
FT10,10019,KZ10,,54.93,48.67,Kazakhstan,60.5,6540
FT10,1002,Ale-Stenar-64-24,CS76654,14.05,55.3833,Sweden,102.75,6541
FT10,10020,Jl-2,CS76956,16.5,49.17,Czech Republic,72.5,6542
FT10,10021,Hl-0,,9.37827,52.1444,GER,59.5,6543
FT10,10022,Uk-3,CS78777,7.7667,48.0333,GER,73.5,6544
FT10,10023,Strand-1,CS77284,15.45,68.8,Norway,96.25,6545
FT10,10024,Tnz-1,,,,Tanzania,64.0,6546
FT10,10025,Bsch-2,,8.67,50.01,GER,62.25,6547
FT10,10026,Bg-5,,-122.305,47.6479,US,63.0,6548
FT10,1061,Brösarp-11-135,CS76727,14.1333,55.7167,Sweden,97.75,6549
FT10,1062,Brösarp-15-138,CS76728,14.1333,55.7167,Sweden,94.0,6550
FT10,1063,Brösarp-21-140,CS76729,14.1333,55.7167,Sweden,84.0,6551
FT10,1066,Brösarp-34-145,CS76730,14.1333,55.7167,Sweden,128.0,6552
FT10,1074,Brösarp-61-162,,14.1333,55.7167,Sweden,98.25,6553
FT10,108,LDV-18,CS77013,-4.06667,48.5167,France,70.0,6554
FT10,1137,Gårdby-22-213,,16.65,56.6167,Sweden,111.25,6555
FT10,1158,Aledal-6-49,CS76656,16.5167,56.7,Sweden,98.75,6556
FT10,1254,Tos-82-387,CS77379,17.0167,59.4333,Sweden,92.0,6557
FT10,1257,Tos-95-393,CS77380,17.0167,59.4333,Sweden,94.6666666667,6558
FT10,1317,Ängsö-74-430,CS76665,16.8667,59.5667,Sweden,104.25,6559
FT10,1318,Ängsö-80-432,,16.8667,59.5667,Sweden,89.75,6560
FT10,1363,Ham-7-233,,17.5833,59.7833,Sweden,104.75,6561
FT10,1367,Ham-13-241,,17.5833,59.7833,Sweden,101.75,6562
FT10,139,LDV-46,CS77014,-4.06667,48.5167,France,68.75,6563
FT10,1435,Röd-17-319,,18.2,62.8,Sweden,72.25,6564
FT10,1552,Sku-30,CS77251,18.3667,63.0833,Sweden,104.0,6565
FT10,1585,Hen-16-268,,15.6,65.25,Sweden,103.5,6566
FT10,159,MAR2-3,CS77070,3.93333,47.35,France,72.0,6567
FT10,1829,Mdn-1,CS77077,-86.509,42.051,US,94.75,6568
FT10,1853,MNF-Pot-21,CS77099,-86.2657,43.595,US,71.5,6569
FT10,1872,MNF-Pot-75,CS77100,-86.2657,43.595,US,80.25,6570
FT10,1890,MNF-Riv-21,CS77101,-86.1859,43.5139,US,101.0,6571
FT10,1925,MNF-Che-2,CS77096,-86.1843,43.5251,US,89.5,6572
FT10,1954,MNF-Jac-12,CS77097,-86.1739,43.5187,US,93.0,6573
FT10,2016,MNF-Pin-39,CS77098,-86.1788,43.5356,US,77.5,6574
FT10,2171,Paw-26,CS77164,-86.431,42.148,US,79.0,6575
FT10,2202,Pent-23,CS77168,-86.3929,43.7623,US,97.75,6576
FT10,2276,SLSP-31,CS77254,-86.496,43.665,US,83.0,6577
FT10,2278,SLSP-35,CS77255,-86.496,43.665,US,79.25,6578
FT10,2317,Ste-40,CS77278,-86.514,42.03,US,77.0,6579
FT10,265,PYL-6,CS77198,-1.16667,44.65,France,63.5,6580
FT10,350,TOU-A1-88,CS77382,4.11667,46.6667,France,68.5,6581
FT10,351,TOU-A1-89,CS77383,4.11667,46.6667,France,69.25,6582
FT10,403,Zdarec3,CS78873,16.2667,49.3667,Czech Republic,63.5,6583
FT10,410,Doubravnik7,CS76808,16.3497,49.4211,Czech Republic,76.0,6584
FT10,424,Draha2,CS76812,16.2815,49.4112,Czech Republic,83.25,6585
FT10,428,Borky1,CS76718,16.232,49.403,Czech Republic,75.75,6586
FT10,430,Gr-1,CS76496,15.5,47.0,Austria,92.3333333333,6587
FT10,4779,UKSW06-179,CS78808,-4.9,50.4,UK,68.6666666667,6588
FT10,4807,UKSW06-207,CS78809,-4.9,50.4,UK,79.75,6589
FT10,4826,UKSW06-226,CS78810,-4.9,50.4,UK,60.0,6590
FT10,4884,UKSW06-285,CS78811,-4.9,50.3,UK,70.25,6591
FT10,4900,UKSW06-302,CS78812,-4.8,50.3,UK,71.0,6592
FT10,4931,UKSW06-333,,-4.6,50.327643,UK,62.75,6593
FT10,4958,UKSW06-360,CS78814,-4.5,50.5,UK,91.25,6594
FT10,5023,UKSE06-118,CS78799,0.5,51.3,UK,61.0,6595
FT10,5104,UKSE06-252,CS78800,0.5,51.3,UK,60.0,6596
FT10,5151,UKSE06-325,CS78801,-1.7,52.2,UK,81.75,6597
FT10,5165,UKSE06-362,CS78802,0.4,51.3,UK,86.5,6598
FT10,5210,UKSE06-432,CS78803,0.3,51.2,UK,96.0,6599
FT10,5236,UKSE06-470,CS78804,0.4,51.2,UK,58.5,6600
FT10,5253,UKSE06-500,CS78805,0.6,51.1,UK,62.75,6601
FT10,5276,UKSE06-533,CS78806,1.1,51.3,UK,74.5,6602
FT10,5349,UKSE06-639,CS78807,0.4,51.1,UK,92.0,6603
FT10,5353,UKNW06-003,CS78792,-3.0,54.5,UK,71.0,6604
FT10,5470,UKNW06-212,,-3.4,54.7,UK,154.6666666667,6605
FT10,5486,UKNW06-233,CS78794,-3.3,54.6,UK,60.5,6606
FT10,5506,UKNW06-281,,-3.1,54.6,UK,125.0,6607
FT10,5535,UKNW06-354,,-3.1,54.6,UK,81.5,6608
FT10,5577,UKNW06-403,CS78797,-3.4,54.7,UK,66.75,6609
FT10,5644,UKNW06-481,CS78798,-2.9,54.4,UK,60.75,6610
FT10,5720,Cal-2,CS78781,-1.6,53.3,UK,92.0,6611
FT10,5726,Cnt-1,CS78782,1.1,51.3,UK,74.0,6612
FT10,5741,For-2,CS78783,-4.1,56.6,UK,97.25,6613
FT10,5748,Kil-0,CS78784,-4.4,56.0,UK,60.75,6614
FT10,5757,Mc-1,CS78785,-2.3,54.6,UK,87.75,6615
FT10,5768,UKID63,CS78786,-1.5,54.1,UK,96.25,6616
FT10,5772,Set-1,CS78787,-2.3,54.1,UK,66.75,6617
FT10,5778,Sna-1,,1.5,52.2,UK,66.25,6618
FT10,5779,UKID74,CS78789,-3.1,51.0,UK,90.5,6619
FT10,5784,Ty-1,CS78790,-5.2,56.4,UK,101.75,6620
FT10,5800,UKID96,CS78791,-5.5,57.4,UK,61.75,6621
FT10,5811,UKID107,CS78778,-3.1,52.9,UK,72.0,6622
FT10,5818,UKID114,,-0.6,51.8,UK,65.75,6623
FT10,5822,UKID116,CS78780,-5.98333,56.7333,UK,112.75,6624
FT10,5829,Ale1-2,,14.06125,55.38383,Sweden,66.75,6625
FT10,5830,App1-12,CS76667,15.9667,56.3333,Sweden,97.75,6626
FT10,5831,App1-14,CS76668,15.9667,56.3333,Sweden,99.5,6627
FT10,5832,App1-16,CS76669,15.9667,56.3333,Sweden,88.5,6628
FT10,5835,Bil-3,,18.484,63.324,Sweden,73.0,6629
FT10,5837,Bor-1,CS76453,16.2326,49.4013,Czech Republic,80.5,6630
FT10,5856,Dör-10,CS76806,17.4914,63.0167,Sweden,119.0,6631
FT10,5865,Dra1-4,CS76809,14.12,55.76,Sweden,109.75,6632
FT10,5867,Dra2-1,CS76810,14.12,55.76,Sweden,130.5,6633
FT10,5874,DraII-6,CS76814,16.2815,49.4112,Czech Republic,78.0,6634
FT10,5890,DraIV 1-8,CS76817,16.2815,49.4112,Czech Republic,78.25,6635
FT10,5893,DraIV 1-11,CS76816,16.2815,49.4112,Czech Republic,73.75,6636
FT10,5907,DraIV 2-9,CS76818,16.2815,49.4112,Czech Republic,66.5,6637
FT10,5921,DraIV 3-7,CS76819,16.2815,49.4112,Czech Republic,82.5,6638
FT10,5950,DraIV 5-12,CS76820,16.2815,49.4112,Czech Republic,81.25,6639
FT10,5964,DraIV 5-28,,16.2815,49.4112,Czech Republic,72.5,6640
FT10,5984,DraIV 6-13,CS76822,16.2815,49.4112,Czech Republic,66.75,6641
FT10,5993,DraIV 6-22,CS76823,16.2815,49.4112,Czech Republic,82.5,6642
FT10,6008,Duk,CS76824,16.2,49.1,Czech Republic,73.5,6643
FT10,6009,Eden-1,CS76826,18.177,62.877,Sweden,103.0,6644
FT10,6011,Eden-6,CS76828,18.177,62.877,Sweden,97.3333333333,6645
FT10,6012,Eden-7,CS76829,18.177,62.877,Sweden,102.0,6646
FT10,6013,Eden-9,CS76830,18.177,62.877,Sweden,93.75,6647
FT10,6016,Eds-1,CS76834,18.4,62.9,Sweden,87.3333333333,6648
FT10,6017,Eds-9,CS76835,18.4,62.9,Sweden,96.5,6649
FT10,6019,Fjä1-2,CS76860,14.29,56.06,Sweden,103.5,6650
FT10,6020,Fjä1-5,CS76861,14.29,56.06,Sweden,94.0,6651
FT10,6021,Fjä2-4,CS76862,14.29,56.06,Sweden,94.25,6652
FT10,6023,Fly2-1,CS76863,13.3712,55.7509,Sweden,93.75,6653
FT10,6024,Fly2-2,CS76864,13.3712,55.7509,Sweden,106.75,6654
FT10,6025,Gro-3,CS76889,17.7339,62.6437,Sweden,129.25,6655
FT10,6030,Grön-5,CS76893,18.1896,62.806,Sweden,107.25,6656
FT10,6034,Hov1-7,CS76932,13.74,56.1,Sweden,102.75,6657
FT10,6035,Hov1-10,CS76931,13.74,56.1,Sweden,83.0,6658
FT10,6036,Hov3-2,CS76934,13.74,56.1,Sweden,94.25,6659
FT10,6038,Hov3-5,CS76935,13.74,56.1,Sweden,91.25,6660
FT10,6039,Hovdala-2,CS76937,13.74,56.1,Sweden,91.0,6661
FT10,6040,Kni-1,CS76970,13.4,55.66,Sweden,93.25,6662
FT10,6041,Lis-3,CS77044,14.775,56.0328,Sweden,78.75,6663
FT10,6042,Lom1-1,CS77048,13.9,56.09,Sweden,63.5,6664
FT10,6043,Löv-1,CS77049,18.079,62.801,Sweden,110.0,6665
FT10,6046,Löv-5,CS77050,18.079,62.801,Sweden,117.25,6666
FT10,6064,Nyl-2,CS77136,18.2763,62.9513,Sweden,103.6666666667,6667
FT10,6069,Nyl-7,CS77137,18.2763,62.9513,Sweden,107.25,6668
FT10,6070,Omn-1,CS77145,18.3448,62.9308,Sweden,106.75,6669
FT10,6071,Omn-5,CS77146,18.3448,62.9308,Sweden,120.75,6670
FT10,6073,ÖMö1-7,CS77147,15.8155,56.1481,Sweden,102.25,6671
FT10,6074,Ör-1,CS77150,16.1308,56.4573,Sweden,101.0,6672
FT10,6076,Rev-2,CS77215,13.4504,55.6942,Sweden,121.5,6673
FT10,6085,Sparta-1,CS77260,13.2145,55.7097,Sweden,124.25,6674
FT10,6086,Sr:3,CS77267,11.2,58.9,Sweden,100.5,6675
FT10,6088,Stu1-1,CS77285,16.1284,56.4666,Sweden,107.6666666667,6676
FT10,6090,T1000,CS77288,13.2197,55.6525,Sweden,94.75,6677
FT10,6092,T1020,CS77289,13.2233,55.6514,Sweden,103.0,6678
FT10,6094,T1040,CS77290,13.2147,55.6494,Sweden,101.75,6679
FT10,6097,T1070,CS77291,13.2264,55.6481,Sweden,114.5,6680
FT10,6098,T1080,CS77292,13.2178,55.6561,Sweden,112.25,6681
FT10,6099,T1090,CS77293,13.2386,55.6575,Sweden,117.0,6682
FT10,6100,T1110,CS77294,13.2,55.6,Sweden,102.0,6683
FT10,6102,T1130,CS77295,13.2,55.6,Sweden,122.3333333333,6684
FT10,6104,T1160,CS77296,13.2,55.7,Sweden,100.0,6685
FT10,6105,T450,CS77297,13.1211,55.7967,Sweden,97.75,6686
FT10,6106,T460,CS77298,13.1186,55.7931,Sweden,102.0,6687
FT10,6107,T470,CS77299,13.1222,55.7942,Sweden,119.0,6688
FT10,6108,T480,CS77300,13.1206,55.7989,Sweden,78.75,6689
FT10,6109,T510,CS77301,13.1233,55.7936,Sweden,100.75,6690
FT10,6111,T530,CS77302,13.1219,55.7989,Sweden,111.75,6691
FT10,6112,T540,CS77303,13.1044,55.7967,Sweden,94.5,6692
FT10,6113,T550,CS77304,13.1028,55.8078,Sweden,132.6666666667,6693
FT10,6114,T570,CS77305,13.1342,55.8097,Sweden,97.0,6694
FT10,6115,T580,CS77306,13.1367,55.8,Sweden,97.5,6695
FT10,6118,T610,CS77307,13.2,55.7,Sweden,98.25,6696
FT10,6122,T670,CS77308,13.3075,55.8364,Sweden,101.5,6697
FT10,6124,T690,CS77309,13.3092,55.8378,Sweden,129.5,6698
FT10,6125,T710,CS77310,13.3106,55.8403,Sweden,106.25,6699
FT10,6126,T720,CS77311,13.3047,55.8411,Sweden,103.25,6700
FT10,6127,T730,,13.3058,55.8428,Sweden,124.0,6701
FT10,6128,T740,CS77313,13.2881,55.8397,Sweden,122.3333333333,6702
FT10,6129,T750,,13.2875,55.8544,Sweden,109.75,6703
FT10,6131,T780,CS77315,13.3181,55.8369,Sweden,119.0,6704
FT10,6132,T790,CS77316,13.3186,55.8386,Sweden,106.0,6705
FT10,6133,T800,CS77317,13.2906,55.8364,Sweden,111.75,6706
FT10,6134,T810,CS77318,13.2906,55.8383,Sweden,110.0,6707
FT10,6136,T840,CS77319,13.5519,55.9336,Sweden,96.5,6708
FT10,6137,T850,CS77320,13.5603,55.9419,Sweden,92.5,6709
FT10,6138,T860,CS77321,13.5511,55.9403,Sweden,97.0,6710
FT10,6140,T880,CS77322,13.5539,55.9392,Sweden,98.75,6711
FT10,6142,T900,CS77323,13.5558,55.9428,Sweden,98.5,6712
FT10,6145,T930,CS77324,13.5533,55.9497,Sweden,116.0,6713
FT10,6148,T960,CS77325,13.5508,55.9319,Sweden,105.0,6714
FT10,6149,T970,CS77326,13.5481,55.9281,Sweden,106.0,6715
FT10,6150,T980,CS77327,13.5319,55.9261,Sweden,111.3333333333,6716
FT10,6151,T990,CS77328,13.2244,55.6528,Sweden,99.5,6717
FT10,6153,TAA 03,CS77329,17.7422,62.6425,Sweden,149.25,6718
FT10,6154,TAA 04,CS77330,17.7406,62.6422,Sweden,149.3333333333,6719
FT10,6163,TAA 14,CS77331,17.7356,62.6425,Sweden,157.5,6720
FT10,6166,TAA 17,CS77332,17.7372,62.6425,Sweden,144.0,6721
FT10,6169,TÅD 01,CS77333,18.3447,62.8714,Sweden,116.0,6722
FT10,6171,TÅD 03,,18.3444,62.8717,Sweden,103.25,6723
FT10,6172,TÅD 04,CS77335,18.3436,62.8717,Sweden,110.5,6724
FT10,6173,TÅD 05,CS77336,18.3419,62.8717,Sweden,91.75,6725
FT10,6174,TÅD 06,CS77337,18.3422,62.8719,Sweden,100.0,6726
FT10,6177,TÄL 03,CS77338,17.69,62.6322,Sweden,99.0,6727
FT10,6180,TÄL 07,CS77339,17.6906,62.6322,Sweden,71.0,6728
FT10,6184,TBÖ 01,CS77343,18.4522,62.8892,Sweden,93.6666666667,6729
FT10,6188,TDr-1,CS77345,14.1386,55.7683,Sweden,73.25,6730
FT10,6189,TDr-2,CS77351,14.1383,55.7686,Sweden,74.0,6731
FT10,6191,TDr-4,CS77352,14.1375,55.7689,Sweden,78.3333333333,6732
FT10,6192,TDr-5,CS77353,14.1369,55.7692,Sweden,95.0,6733
FT10,6193,TDr-7,CS77354,14.1347,55.7694,Sweden,83.0,6734
FT10,6194,TDr-8,CS77355,14.1342,55.7706,Sweden,110.5,6735
FT10,6195,TDr-9,CS77356,14.1342,55.7708,Sweden,83.75,6736
FT10,6197,TDr-11,,14.1333,55.7714,Sweden,75.25,6737
FT10,6198,TDr-13,CS77347,14.1331,55.7708,Sweden,88.25,6738
FT10,6201,TDr-16,CS77348,14.1211,55.7719,Sweden,94.25,6739
FT10,6202,TDr-17,CS77349,14.1206,55.7717,Sweden,109.75,6740
FT10,6203,TDr-18,CS77350,14.1208,55.7714,Sweden,108.0,6741
FT10,6209,TEDEN 02,CS77358,18.1842,62.8836,Sweden,94.0,6742
FT10,6210,TEDEN 03,CS77359,18.1836,62.8839,Sweden,100.75,6743
FT10,6216,TFÄ 06,CS77362,18.3283,63.0167,Sweden,134.5,6744
FT10,6217,TFÄ 07,CS77363,18.3283,63.0169,Sweden,111.25,6745
FT10,6218,TFÄ 08,CS77364,18.3283,63.0172,Sweden,124.0,6746
FT10,6220,TGR 01,CS77365,18.1896,62.806,Sweden,103.0,6747
FT10,6221,TGR 02,CS77366,18.1896,62.806,Sweden,108.0,6748
FT10,6231,TNY 04,CS77368,18.2844,62.96,Sweden,109.25,6749
FT10,6235,TOM 01,CS77372,18.3589,62.9611,Sweden,119.5,6750
FT10,6237,TOM 03,CS77373,18.35,62.9619,Sweden,106.0,6751
FT10,6238,TOM 04,CS77374,18.35,62.9619,Sweden,104.5,6752
FT10,6240,TOM 06,CS77375,18.35,62.9622,Sweden,98.25,6753
FT10,6241,TOM 07,CS77376,18.3608,62.9614,Sweden,96.25,6754
FT10,6242,Tomegap-2,CS77377,13.2,55.7,Sweden,83.6666666667,6755
FT10,6243,Tottarp-2,CS77381,13.90045,56.27373,Sweden,66.75,6756
FT10,6244,TRÄ 01,CS77384,18.4728,62.9169,Sweden,90.75,6757
FT10,6252,TV-4,CS78771,14.3336,55.5796,Sweden,122.75,6758
FT10,6255,TV-7,CS78772,14.334,55.5796,Sweden,134.0,6759
FT10,6258,TV-10,CS78767,14.3336,55.5796,Sweden,119.25,6760
FT10,6268,TV-22,CS78768,14.3336,55.5796,Sweden,115.0,6761
FT10,6276,TV-30,CS78769,14.3336,55.5796,Sweden,131.0,6762
FT10,6284,TV-38,CS78770,14.3336,55.5796,Sweden,117.5,6763
FT10,6288,Udu-12,,16.6314,49.2771,Czech Republic,87.5,6764
FT10,6296,UduI 1-11,CS78774,16.6314,49.2771,Czech Republic,75.0,6765
FT10,630,LI-OF-065,CS77036,-72.9069,40.7777,US,73.5,6766
FT10,6390,UduI 3-36,CS78775,16.6314,49.2771,Czech Republic,71.75,6767
FT10,6396,UduI 4-9,CS78776,16.6314,49.2771,Czech Republic,82.75,6768
FT10,6413,Ull3-4,CS78819,13.97,56.06,Sweden,104.25,6769
FT10,6424,ZdrI 1-23,CS78875,16.2544,49.3853,Czech Republic,77.0,6770
FT10,6434,ZdrI 2-9,CS78877,16.2544,49.3853,Czech Republic,62.75,6771
FT10,6445,ZdrI 2-21,CS78876,16.2544,49.3853,Czech Republic,67.0,6772
FT10,6680,ANH-1,CS76437,6.4333,51.85,GER,99.25,6773
FT10,6709,Bg-2,,-122.305,47.6479,US,69.0,6774
FT10,6744,CSHL-5,CS76779,-73.4675,40.8585,US,63.25,6775
FT10,6830,Kz-13,CS76994,73.1,49.5,Kazakhstan,69.75,6776
FT10,6897,Ag-0,CS76430,1.3,45.0,France,68.0,6777
FT10,6898,An-1,CS76435,4.4,51.2167,Belgium,57.5,6778
FT10,6900,Bil-5,CS76709,18.484,63.324,Sweden,116.0,6779
FT10,6901,Bil-7,CS76710,18.484,63.324,Sweden,95.5,6780
FT10,6903,Bor-4,CS76454,16.2326,49.4013,Czech Republic,81.5,6781
FT10,6904,Br-0,CS76455,16.6166,49.2,Czech Republic,72.25,6782
FT10,6906,C24,,-8.42639,40.2077,POR,55.75,6783
FT10,6907,CIBC-17,CS76770,-0.6383,51.4083,UK,72.0,6784
FT10,6908,CIBC-5,CS78894,-0.6383,51.4083,UK,66.0,6785
FT10,6909,Col-0,CS76778,-92.3,38.3,US,70.5,6786
FT10,6911,Cvi-0,CS76789,-23.6167,15.1111,Cape Verde,62.75,6787
FT10,6913,Eden-2,CS76827,18.177,62.877,Sweden,120.6666666667,6788
FT10,6915,Ei-2,CS76478,6.3,50.3,GER,76.5,6789
FT10,6916,Est-1,,25.3,58.3,Russia,75.0,6790
FT10,6917,Fäb-2,CS76850,18.3174,63.0165,Sweden,144.0,6791
FT10,6918,Fäb-4,CS76851,18.3174,63.0165,Sweden,123.0,6792
FT10,6919,Ga-0,CS76490,8.0,50.3,GER,76.75,6793
FT10,6920,Got-22,CS76884,9.9355,51.5338,GER,86.75,6794
FT10,6921,Got-7,,9.9355,51.5338,GER,83.25,6795
FT10,6922,Gu-0,CS76498,8.0,50.3,GER,71.0,6796
FT10,6923,HR-10,CS76940,-0.6383,51.4083,UK,57.0,6797
FT10,6924,HR-5,CS76514,-0.6383,51.4083,UK,61.5,6798
FT10,6926,Kin-0,CS76527,-85.37,44.46,US,66.25,6799
FT10,6927,KNO-10,CS76973,-86.621,41.2816,US,73.5,6800
FT10,6928,KNO-18,,-86.621,41.2816,US,77.25,6801
FT10,6929,Kondara,CS76532,68.49,38.48,Tajikistan,78.5,6802
FT10,6931,Kz-9,CS76537,73.1,49.5,Kazakhstan,59.75,6803
FT10,6932,Ler-1,CS77021,10.8719,47.984,GER,63.5,6804
FT10,6933,LL-0,CS77047,2.49,41.59,Spain,63.75,6805
FT10,6936,Lz-0,,3.3,46.0,France,80.5,6806
FT10,6937,Mrk-0,,9.3,49.0,GER,75.75,6807
FT10,6938,Ms-0,CS76555,37.6322,55.7522,Russia,72.0,6808
FT10,6939,Mt-0,,22.46,32.34,LIB,61.25,6809
FT10,6940,Mz-0,CS76557,8.3,50.3,GER,64.25,6810
FT10,6943,NFA-10,CS77126,-0.6383,51.4083,UK,60.75,6811
FT10,6944,NFA-8,CS78913,-0.6383,51.4083,UK,63.75,6812
FT10,6945,Nok-3,CS76562,4.45,52.24,NED,76.5,6813
FT10,6951,Pu2-23,CS76579,16.36,49.42,Czech Republic,79.5,6814
FT10,6956,Pu2-7,CS76580,16.36,49.42,Czech Republic,84.5,6815
FT10,6957,Pu2-8,CS77192,16.36,49.42,Czech Republic,81.25,6816
FT10,6958,Ra-0,CS76582,3.3,46.0,France,68.75,6817
FT10,6959,Rennes-1,CS77210,-1.41,48.5,France,71.75,6818
FT10,6960,Rennes-11,CS77211,-1.41,48.5,France,55.0,6819
FT10,6961,Se-0,CS76597,-3.53333,38.3333,Spain,59.0,6820
FT10,6963,Sorbo,CS78917,68.48,38.35,Tajikistan,78.75,6821
FT10,6964,Spr1-2,,16.03529,56.31635,Sweden,94.75,6822
FT10,6965,Spr1-6,,16.03529,56.31635,Sweden,94.6666666667,6823
FT10,6966,Sq-1,CS77266,-0.6383,51.4083,UK,62.25,6824
FT10,6967,Sq-8,CS76604,-0.6383,51.4083,UK,62.75,6825
FT10,6968,Tamm-2,CS76610,23.5,60.0,Finland,92.5,6826
FT10,6969,Tamm-27,CS77341,23.5,60.0,Finland,91.25,6827
FT10,6970,Ts-1,CS76615,2.93056,41.7194,Spain,62.5,6828
FT10,6971,Ts-5,CS77388,2.93056,41.7194,Spain,66.25,6829
FT10,6972,Tsu-1,,136.31,34.43,Japan,79.5,6830
FT10,6973,Ull2-3,CS78817,13.9707,56.0648,Sweden,77.25,6831
FT10,6974,Ull2-5,CS78818,13.9707,56.0648,Sweden,108.75,6832
FT10,6975,Uod-1,CS76621,14.45,48.3,Austria,67.25,6833
FT10,6976,Uod-7,CS78823,14.45,48.3,Austria,71.25,6834
FT10,6979,Wei-0,CS76628,8.26,47.25,SUI,54.75,6835
FT10,6981,Ws-2,CS78920,30.0,52.3,Russia,62.25,6836
FT10,6982,Wt-5,CS76632,9.3,52.3,GER,78.5,6837
FT10,6984,Zdr-1,CS76635,16.2544,49.3853,Czech Republic,69.25,6838
FT10,6985,Zdr-6,,16.2544,49.3853,Czech Republic,65.5,6839
FT10,6986,Abd-0,CS76429,-2.2207,57.1539,UK,61.5,6840
FT10,6987,Ak-1,CS76431,7.62551,48.0683,GER,69.0,6841
FT10,6989,Alst-1,CS76432,-2.4333,54.8,UK,78.25,6842
FT10,6990,Amel-1,CS76434,5.73,53.448,NED,79.0,6843
FT10,6992,Ang-0,CS76436,5.3,50.3,Belgium,68.0,6844
FT10,6994,Ann-1,,6.13028,45.9,France,79.0,6845
FT10,6997,Appt-1,CS76440,5.5833,51.8333,NED,81.0,6846
FT10,7000,Aa-0,CS76428,9.57073,50.9167,GER,78.0,6847
FT10,7002,Baa-1,CS76442,6.1,51.3333,NED,80.25,6848
FT10,7003,Bs-1,CS78888,7.5,47.5,SUI,71.75,6849
FT10,7008,Benk-1,CS76447,5.675,52.0,NED,95.5,6850
FT10,7010,Be-0,,8.6161,49.6803,GER,77.0,6851
FT10,7013,Bd-0,CS76445,13.287,52.4584,GER,63.0,6852
FT10,7014,Ba-1,CS76441,-4.79821,56.5459,UK,81.5,6853
FT10,7025,Bl-1,CS76450,11.3396,44.5041,Italy,71.5,6854
FT10,7026,Boot-1,CS76452,-3.2667,54.4,UK,69.0,6855
FT10,7028,Bch-1,CS76444,9.3166,49.5166,GER,57.5,6856
FT10,7031,Bsch-0,CS76457,8.6667,50.0167,GER,78.25,6857
FT10,7033,Buckhorn Pass,CS76733,-122.755,41.3599,US,78.75,6858
FT10,7036,Bu-0,CS78889,9.5,50.5,GER,67.75,6859
FT10,7058,Bur-0,CS76734,-6.2,54.1,Ireland,87.25,6860
FT10,7061,Cal-0,CS76460,-1.64293,53.2699,UK,87.25,6861
FT10,7062,Ca-0,CS76459,8.26607,50.2981,GER,62.25,6862
FT10,7063,Can-0,CS76740,-13.4811,29.2144,Spain,72.25,6863
FT10,7064,Cnt-1,CS76467,1.1,51.3,UK,68.3333333333,6864
FT10,7067,Ct-1,CS76786,15.0,37.3,Italy,58.75,6865
FT10,7068,Cerv-1,CS76462,12.1,42.0,Italy,63.75,6866
FT10,7071,Chat-1,CS76463,1.33867,48.0717,France,64.25,6867
FT10,7072,Chi-0,CS76464,34.7361,53.7502,Russia,70.25,6868
FT10,7075,Cit-0,,2.54038,43.3779,France,96.0,6869
FT10,7077,Co-1,CS76468,-8.25,40.12,POR,54.5,6870
FT10,7081,Co,CS78895,-8.42639,40.2077,POR,58.5,6871
FT10,7092,Com-1,CS76469,2.823,49.416,France,68.0,6872
FT10,7094,Da-0,CS76791,8.65081,49.8724,GER,67.25,6873
FT10,7096,Di-G,CS76472,5.04278,47.3239,France,65.5,6874
FT10,7098,Di-1,,5.0,47.0,France,58.5,6875
FT10,7102,Do-0,CS76474,8.2372,50.7224,GER,87.25,6876
FT10,7103,Dra-0,CS76476,16.2667,49.4167,Czech Republic,62.25,6877
FT10,7106,Dr-0,CS78897,13.7336,51.051,GER,76.5,6878
FT10,7107,Durh-1,CS76477,-1.5733,54.7761,UK,67.25,6879
FT10,7109,Ema-1,CS76480,0.5,51.3,UK,60.75,6880
FT10,7111,Edi-0,CS76831,-3.16028,55.9494,UK,86.0,6881
FT10,7117,El-0,CS76479,9.68253,51.5105,GER,58.0,6882
FT10,7119,En-2,CS76481,8.5,50.0,GER,65.5,6883
FT10,7120,En-D,CS76482,8.5,50.0,GER,62.5,6884
FT10,7123,Ep-0,,8.38912,50.1721,GER,70.75,6885
FT10,7125,Er-0,CS78898,11.0087,49.5955,GER,69.25,6886
FT10,7126,Es-0,CS76484,24.5682,60.1997,Finland,95.5,6887
FT10,7127,Est,CS76485,24.9871,58.6656,Estonia,59.75,6888
FT10,7130,Et-0,CS76486,2.56481,44.6447,France,91.6666666667,6889
FT10,7133,Fr-2,CS76489,8.6822,50.1102,GER,76.0,6890
FT10,7138,Fi-0,CS76488,8.0167,50.5,GER,85.5,6891
FT10,7143,Gel-1,CS76492,5.86667,51.0167,NED,83.0,6892
FT10,7147,Gie-0,CS76493,8.67825,50.584,GER,74.5,6893
FT10,7148,Gifu-2,,137.42,35.45,Japan,73.75,6894
FT10,7158,Gr-5,CS76885,15.5,47.0,Austria,63.3333333333,6895
FT10,7160,Gre-0,CS76497,-85.2532,43.178,US,72.25,6896
FT10,7161,Gd-1,CS76491,10.5,53.5,GER,61.25,6897
FT10,7162,Hs-0,CS76515,9.44,52.24,GER,65.0,6898
FT10,7163,Ha-0,CS76500,9.73569,52.3721,GER,66.5,6899
FT10,7164,Hau-0,CS76915,12.5686,55.675,DEN,69.75,6900
FT10,7165,Hn-0,CS76513,8.28844,51.3472,GER,71.5,6901
FT10,7166,Hey-1,,5.9,51.25,NED,67.25,6902
FT10,7169,Hh-0,CS76512,9.88682,54.4175,GER,82.5,6903
FT10,7177,Jm-0,CS76520,15.0,49.0,Czech Republic,65.75,6904
FT10,7181,Je-0,CS76518,11.587,50.927,GER,96.75,6905
FT10,7186,Kn-0,CS76969,23.8924,54.8969,Lithuania,75.0,6906
FT10,7192,Kil-0,CS76526,-5.66364,55.6395,UK,68.75,6907
FT10,7199,Kl-5,CS76528,6.9666,50.95,GER,66.5,6908
FT10,7202,Kb-0,CS76524,8.50861,50.1797,GER,63.0,6909
FT10,7203,Krot-0,CS76534,11.5722,49.631,GER,67.25,6910
FT10,7206,Kro-0,,8.96617,50.0742,GER,65.0,6911
FT10,7207,Kyoto,CS76535,135.752,35.0085,Japan,70.25,6912
FT10,7208,Lan-0,CS76539,-3.78181,55.6739,UK,73.0,6913
FT10,7209,La-0,CS76538,15.2333,52.7333,Poland,63.5,6914
FT10,7213,Ler-0,CS77020,10.8719,47.984,GER,65.5,6915
FT10,7217,Lm-2,CS76545,0.5,48.0,France,56.5,6916
FT10,7218,Le-0,CS76540,4.49015,52.1611,NED,75.0,6917
FT10,7223,Li-2:1,CS76541,8.0666,50.3833,GER,75.75,6918
FT10,7231,Li-7,CS77035,8.0666,50.3833,GER,65.75,6919
FT10,7236,Litva,CS76543,,,Lithuania,73.5,6920
FT10,7244,Mnz-0,CS76552,8.26664,50.001,GER,68.0,6921
FT10,7248,Mv-0,CS76556,-70.6652,41.3923,US,71.5,6922
FT10,7250,Me-0,CS76549,10.1138,51.9183,GER,58.0,6923
FT10,7252,Mc-0,,-2.3,54.6167,UK,112.6666666667,6924
FT10,7255,Mh-0,CS76550,20.5,50.95,Poland,62.0,6925
FT10,7258,Nw-0,CS76564,8.5,50.5,GER,71.0,6926
FT10,7263,Nz-1,,175.283,-37.7871,New Zealand,61.75,6927
FT10,7268,Np-0,CS76563,10.981,52.6969,GER,65.75,6928
FT10,7273,No-0,CS77128,13.2995,51.0581,GER,77.0,6929
FT10,7276,Ob-0,CS76566,8.5833,50.2,GER,73.75,6930
FT10,7280,Old-1,CS76567,8.2,53.1667,GER,80.75,6931
FT10,7282,Or-0,CS76568,8.01161,50.3827,GER,62.5,6932
FT10,7287,Ove-0,CS76569,8.42255,53.3422,GER,71.0,6933
FT10,7288,Oy-0,CS77156,6.193019,60.385543,Norway,82.5,6934
FT10,7296,Petergof,CS77170,29.0,59.0,Russia,84.25,6935
FT10,7298,Pi-0,CS76572,10.51,47.04,Austria,81.75,6936
FT10,7305,Pt-0,CS78915,10.6065,53.476,GER,79.25,6937
FT10,7306,Pog-0,CS76576,-123.206,49.2655,Canada,76.5,6938
FT10,7307,Pn-0,CS77182,-2.96591,48.0653,France,78.5,6939
FT10,7308,Po-0,,7.1,50.7167,GER,84.75,6940
FT10,7314,Ragl-1,CS76583,-3.41697,54.3512,UK,66.0,6941
FT10,7316,Rhen-1,CS78916,5.56667,51.9667,NED,81.25,6942
FT10,7319,Rome-1,CS76590,12.1,42.0,Italy,58.5,6943
FT10,7320,Rou-0,CS76591,1.09849,49.4424,France,80.75,6944
FT10,7322,Rsch-4,CS77222,34.0,56.3,Russia,76.5,6945
FT10,7323,Rubezhnoe-1,CS76594,38.28,49.0,Ukraine,75.75,6946
FT10,7327,Sf-1,CS77246,3.03333,41.7833,Spain,64.5,6947
FT10,7328,Sf-2,CS77247,3.03333,41.7833,Spain,56.25,6948
FT10,7329,Santa Clara,,-121.16,37.21,US,66.75,6949
FT10,7330,Sapporo-0,,141.346,43.0553,Japan,85.25,6950
FT10,7332,Seattle-0,CS76598,-122.2,47.0,US,64.0,6951
FT10,7333,Sei-0,CS76599,11.5614,46.5438,Italy,68.75,6952
FT10,7337,Si-0,CS76601,8.02341,50.8738,GER,74.5,6953
FT10,7342,Su-0,CS76606,-3.00733,53.6473,UK,83.0,6954
FT10,7343,Sp-0,CS76603,13.181,52.5339,GER,72.0,6955
FT10,7344,Sg-1,CS76600,9.5,47.6667,GER,73.5,6956
FT10,7346,Sten-0,CS77277,11.8558,52.6058,GER,78.25,6957
FT10,7347,Stw-0,CS76605,36.0,52.0,Russia,64.75,6958
FT10,7349,Ta-0,CS76608,14.5,49.5,Czech Republic,81.25,6959
FT10,7350,Tac-0,CS76609,-122.459,47.2413,US,80.0,6960
FT10,7351,Ty-0,,-5.23439,56.4278,UK,97.3333333333,6961
FT10,7353,Tha-1,CS76611,4.3,52.08,NED,86.0,6962
FT10,7354,Ting-1,CS76612,14.9,56.5,Sweden,100.25,6963
FT10,7355,Tiv-1,,12.8,41.96,Italy,80.75,6964
FT10,7356,Tol-0,CS76614,-83.5553,41.6639,US,88.0,6965
FT10,7372,Tscha-1,CS76616,9.9042,47.0748,Austria,83.0,6966
FT10,7373,Tsu-0,CS77389,136.31,34.43,Japan,81.25,6967
FT10,7377,Tul-0,CS76618,-85.2563,43.2708,US,75.75,6968
FT10,7378,Uk-1,CS76620,7.7667,48.0333,GER,71.25,6969
FT10,7382,Utrecht,CS76622,5.1145,52.0918,NED,55.5,6970
FT10,7383,Van-0,CS76623,-123.206,49.2655,Canada,60.5,6971
FT10,7384,Ven-1,CS76624,5.55,52.0333,NED,76.25,6972
FT10,7387,Vind-1,CS76625,-2.3671,54.9902,UK,60.75,6973
FT10,7394,Wa-1,CS76626,21.0,52.3,Poland,56.75,6974
FT10,7396,Ws-0.2,CS78857,30.0,52.3,Russia,61.5,6975
FT10,7404,Wc-1,CS76627,10.0667,52.6,GER,68.5,6976
FT10,7411,Wl-0,CS76630,10.8134,47.9299,GER,66.0,6977
FT10,7413,Wil-2,CS78856,25.3167,54.6833,Lithuania,69.25,6978
FT10,7415,Wu-0,CS78858,9.9361,49.7878,GER,72.25,6979
FT10,7416,Yo-0,CS76633,-119.35,37.45,US,81.5,6980
FT10,7417,Zu-0,CS78880,8.55,47.3667,SUI,86.3333333333,6981
FT10,7418,Zu-1,CS78881,8.55,47.3667,SUI,63.5,6982
FT10,7419,Db-1,CS76471,8.32213,50.3058,GER,69.0,6983
FT10,7424,Jl-3,CS76519,16.6166,49.2,Czech Republic,57.75,6984
FT10,7427,Ko-2,CS76531,,,DEN,101.0,6985
FT10,7430,Nc-1,CS76559,6.25,48.6167,France,72.5,6986
FT10,7438,N13,,34.15,61.36,Russia,77.75,6987
FT10,7458,Ber,,12.5687,55.675,DEN,79.5,6988
FT10,7460,Da(1)-12,CS76470,,,Czech Republic,75.0,6989
FT10,7461,H55,CS76897,15.0,49.0,Czech Republic,68.0,6990
FT10,7471,RLD-1,CS76588,,,UNK,56.25,6991
FT10,7477,WAR,CS78853,-71.2825,41.7302,US,74.0,6992
FT10,7514,RRS-7,CS76593,-86.4251,41.5609,US,80.25,6993
FT10,7515,RRS-10,CS76592,-86.4251,41.5609,US,73.75,6994
FT10,7516,Vår2-1,CS78830,14.334,55.58,Sweden,105.0,6995
FT10,7517,Vår2-6,CS78831,14.334,55.58,Sweden,115.0,6996
FT10,7518,ÖMö2-1,,15.78,56.14,Sweden,93.25,6997
FT10,7519,ÖMö2-3,,15.78,56.14,Sweden,90.25,6998
FT10,7520,Lp2-2,CS76546,16.81,49.38,Czech Republic,73.25,6999
FT10,7521,Lp2-6,CS77052,16.81,49.38,Czech Republic,70.75,7000
FT10,7522,Mr-0,,9.65,44.15,Italy,93.0,7001
FT10,7523,Pna-17,CS76575,-86.3253,42.0945,US,80.0,7002
FT10,7524,Rmx-A02,,-86.511,42.036,US,61.25,7003
FT10,7525,Rmx-A180,CS77218,-86.511,42.036,US,63.0,7004
FT10,7526,Pna-10,,-86.3253,42.0945,US,75.5,7005
FT10,763,Kar-1,CS76522,74.3667,42.3,Kyrgyzstan,65.75,7006
FT10,765,Sus-1,CS76607,73.4,42.1833,Kyrgyzstan,56.75,7007
FT10,766,Dja-1,CS76473,73.6333,42.5833,Kyrgyzstan,63.5,7008
FT10,768,Zal-1,CS76634,76.35,42.8,Kyrgyzstan,76.5,7009
FT10,770,Kyr-1,,72.683613,40.046526,Kyrgyzstan,75.25,7010
FT10,7717,KNO1.37,CS76972,-86.625,41.273,US,82.75,7011
FT10,772,Neo-6,CS76560,72.4667,37.35,Tajikistan,67.5,7012
FT10,7917,PNA3.10,CS77183,-86.3253,42.0945,US,82.25,7013
FT10,7947,PNA3.40,CS77184,-86.3253,42.0945,US,82.25,7014
FT10,801,KYC-33,CS76992,-84.4639,37.9169,US,94.75,7015
FT10,8077,PT2.21,CS77191,-86.7368,41.3423,US,70.0,7016
FT10,8132,RMX3.22,CS77219,-86.511,42.036,US,74.0,7017
FT10,8213,Pro-0,,-6.0,43.25,Spain,58.75,7018
FT10,8214,Gy-0,CS78901,2.0,49.0,France,65.0,7019
FT10,8222,Lis-2,CS77043,14.775,56.0328,Sweden,100.0,7020
FT10,8227,THÖ 03,CS77367,17.9103,62.7989,Sweden,120.0,7021
FT10,8230,Algutsrum,CS76657,16.5,56.68,Sweden,110.3333333333,7022
FT10,8231,Brö1-6,CS76726,16.0,56.3,Sweden,100.75,7023
FT10,8233,Dem-4,CS76794,-87.1923,41.1876,US,75.5,7024
FT10,8234,Gul1-2,CS76896,15.8127,56.4606,Sweden,102.6666666667,7025
FT10,8235,Hod,CS76924,17.1,48.8,Czech Republic,74.5,7026
FT10,8236,HSm,CS76941,15.76,49.33,Czech Republic,74.0,7027
FT10,8237,Kävlinge-1,CS76964,13.1,55.8,Sweden,97.25,7028
FT10,8238,Kent,CS76967,0.4,51.15,UK,79.5,7029
FT10,8239,PHW-3,CS76976,7.0,51.0,GER,56.0,7030
FT10,8240,Kulturen-1,CS76987,13.196,55.705,Sweden,94.5,7031
FT10,8241,Liarum,CS77038,13.821,55.9473,Sweden,90.75,7032
FT10,8242,Lillö-1,CS77039,15.7884,56.1494,Sweden,116.75,7033
FT10,8243,PHW-2,CS77173,11.2547,43.7703,Italy,80.0,7034
FT10,8244,PHW-34,CS77174,2.3086,48.6103,France,90.5,7035
FT10,8246,NC-6,CS77124,-79.18,35.0,US,70.5,7036
FT10,8247,San-2,CS77233,13.74,56.07,Sweden,98.0,7037
FT10,8249,Vimmerby,CS78845,15.8,57.7,Sweden,93.75,7038
FT10,8256,Bå1-2,CS76676,12.9,56.4,Sweden,73.25,7039
FT10,8258,Bå4-1,CS76677,12.9,56.4,Sweden,93.0,7040
FT10,8259,Bå5-1,CS76678,12.9,56.4,Sweden,88.0,7041
FT10,8264,Bla-1,CS76451,2.8,41.6833,Spain,65.5,7042
FT10,8266,Boo2-1,,13.51,55.86,Sweden,105.0,7043
FT10,8275,Cen-0,,0.5,49.0,France,78.3333333333,7044
FT10,8283,Dra3-1,CS76811,14.12,55.76,Sweden,84.25,7045
FT10,8284,DraII-1,CS76813,16.2815,49.4112,Czech Republic,83.25,7046
FT10,8285,DraIII-1,CS76815,16.2815,49.4112,Czech Republic,66.5,7047
FT10,8290,En-1,CS76841,8.5,50.0,GER,63.25,7048
FT10,8297,Ge-0,CS76875,6.08,46.5,SUI,85.75,7049
FT10,8304,Hi-0,,5.0,52.0,NED,57.0,7050
FT10,8306,Hov4-1,CS76936,13.74,56.1,Sweden,102.5,7051
FT10,8307,Hovdala-6,CS76938,13.74,56.1,Sweden,79.25,7052
FT10,8311,In-0,CS78903,11.5,47.5,Austria,65.5,7053
FT10,8312,Is-0,CS78904,7.5,50.5,GER,65.75,7054
FT10,8314,Ka-0,,14.0,47.0,Austria,64.0,7055
FT10,8325,Lip-0,,19.3,50.0,Poland,77.0,7056
FT10,8326,Lis-1,CS77042,14.775,56.0328,Sweden,86.75,7057
FT10,8334,Lu-1,CS77056,13.2,55.71,Sweden,74.75,7058
FT10,8335,Lund,CS77060,13.2,55.71,Sweden,100.0,7059
FT10,8337,Mir-0,CS76551,12.37,44.0,Italy,74.0,7060
FT10,8343,Na-1,CS76558,1.5,47.5,France,81.25,7061
FT10,8351,Ost-0,CS77154,18.37,60.25,Sweden,103.0,7062
FT10,8353,Pa-1,,13.22,38.07,Italy,50.75,7063
FT10,8354,Per-1,CS76571,56.3167,58.0,Russia,82.0,7064
FT10,8357,Pla-0,CS76573,2.25,41.5,Spain,71.75,7065
FT10,8365,Rak-2,CS77201,16.0,49.0,Czech Republic,74.0,7066
FT10,8366,Rd-0,CS76584,8.5,50.5,GER,78.3333333333,7067
FT10,8369,Rev-1,CS77214,13.4504,55.6942,Sweden,98.0,7068
FT10,8376,Sanna-2,CS77234,18.0,62.69,Sweden,103.0,7069
FT10,8378,Sap-0,,14.24,49.49,Czech Republic,66.25,7070
FT10,8386,Sr:5,CS77268,11.2,58.9,Sweden,75.0,7071
FT10,8387,St-0,CS77270,18.0,59.0,Sweden,74.25,7072
FT10,8395,Tu-0,,7.5,45.0,Italy,75.75,7073
FT10,8419,Wil-1,CS78855,25.3167,54.6833,Lithuania,94.25,7074
FT10,8420,Kelsterbach-4,CS76525,8.5333,50.0667,GER,74.75,7075
FT10,8422,Fjä1-1,CS76859,14.29,56.06,Sweden,116.75,7076
FT10,8423,Hov2-1,,13.74,56.1,Sweden,98.5,7077
FT10,8424,Kas-2,CS78905,77.0,35.0,India,68.25,7078
FT10,8424,Kas-2,CS78905,77.0,35.0,India,68.25,7079
FT10,8426,Ull1-1,CS78816,13.97,56.06,Sweden,62.75,7080
FT10,8428,Uod-2,,14.45,48.3,Austria,66.75,7081
FT10,8430,Lisse,,4.5667,52.25,NED,90.5,7082
FT10,8472,LP3413.41,,-86.8513,41.6862,US,63.5,7083
FT10,8584,328ME059,,-86.359,42.093,US,89.0,7084
FT10,870,MIC-31,CS77082,-86.4366,41.8266,US,72.5,7085
FT10,88,CYR,CS76790,0.683333,47.4,France,61.25,7086
FT10,9045,RMXF413.15,,-86.5154,42.039,US,88.75,7087
FT10,9057,Vinslöv,CS78847,13.9167,56.1,Sweden,87.5,7088
FT10,9058,Västervik,CS78834,16.6333,57.75,Sweden,113.25,7089
FT10,9061,Dog-5,,42.2239,38.3011,Turkey,97.25,7090
FT10,9063,Dog-7,,42.2239,38.3011,Turkey,97.75,7091
FT10,9064,Dog-8,,42.2239,38.3011,Turkey,94.75,7092
FT10,9066,Xan-2,,48.7992,38.6536,Azerbaijan,95.25,7093
FT10,9067,Xan-3,CS78860,48.7992,38.6536,Azerbaijan,101.75,7094
FT10,9069,Xan-5,CS78861,48.7992,38.6536,Azerbaijan,82.75,7095
FT10,9070,Xan-6,CS78862,48.7992,38.6536,Azerbaijan,80.0,7096
FT10,9073,Lerik1-2,,48.6131,38.7406,Azerbaijan,93.25,7097
FT10,9075,Lerik1-4,CS77023,48.6131,38.7406,Azerbaijan,93.25,7098
FT10,9078,Lerik1-7,CS77024,48.6131,38.7406,Azerbaijan,100.25,7099
FT10,9079,Lerik2-1,CS77025,48.5517,38.7833,Azerbaijan,101.0,7100
FT10,9081,Lerik2-3,CS77026,48.5517,38.7833,Azerbaijan,91.25,7101
FT10,9082,Lerik2-4,,48.5517,38.7833,Azerbaijan,91.25,7102
FT10,9084,Lerik2-6,CS77028,48.5517,38.7833,Azerbaijan,103.75,7103
FT10,9085,Lerik2-7,CS77029,48.5517,38.7833,Azerbaijan,103.0,7104
FT10,9089,Nar-3,CS77119,48.925,38.9522,Azerbaijan,88.6666666667,7105
FT10,9090,Nar-4,,48.925,38.9522,Azerbaijan,89.5,7106
FT10,9091,Nar-5,CS77121,48.925,38.9522,Azerbaijan,99.75,7107
FT10,9094,Istisu-4,,48.5594,38.9786,Azerbaijan,93.5,7108
FT10,9095,Istisu-5,CS76950,48.5594,38.9786,Azerbaijan,104.0,7109
FT10,9096,Istisu-6,,48.5594,38.9786,Azerbaijan,105.0,7110
FT10,9098,Istisu-8,,48.5594,38.9786,Azerbaijan,99.75,7111
FT10,9099,Istisu-9,CS76953,48.5594,38.9786,Azerbaijan,100.25,7112
FT10,9100,Lag1-2,CS76998,46.2831,41.8296,Georgia,77.5,7113
FT10,9102,Lag1-4,CS76999,46.2831,41.8296,Georgia,83.75,7114
FT10,9103,Lag1-5,CS77000,46.2831,41.8296,Georgia,83.25,7115
FT10,9104,Lag1-6,CS77001,46.2831,41.8296,Georgia,60.75,7116
FT10,9105,Lag1-7,CS77002,46.2831,41.8296,Georgia,77.25,7117
FT10,9106,Lag1-8,CS77003,46.2831,41.8296,Georgia,87.25,7118
FT10,9111,Lag2-4,CS77005,46.2831,41.8296,Georgia,100.5,7119
FT10,9113,Lag2-6,CS77006,46.2831,41.8296,Georgia,76.0,7120
FT10,9114,Lag2-7,CS77007,46.2831,41.8296,Georgia,99.75,7121
FT10,9115,Lag2-10,CS77004,46.2831,41.8296,Georgia,91.25,7122
FT10,9119,Bak-3,,43.4767,41.7942,Georgia,97.5,7123
FT10,9120,Bak-4,,43.4767,41.7942,Georgia,105.5,7124
FT10,9121,Bak-5,CS76685,43.4767,41.7942,Georgia,105.25,7125
FT10,9124,Bak-9,,43.4767,41.7942,Georgia,104.5,7126
FT10,9125,Geg-14,CS76876,44.8203,40.1408,Armenia,74.0,7127
FT10,9128,Yeg-2,CS78864,45.3622,39.8692,Armenia,69.5,7128
FT10,9130,Yeg-4,CS78865,45.3622,39.8692,Armenia,72.75,7129
FT10,9131,Yeg-5,CS78866,45.3622,39.8692,Armenia,72.5,7130
FT10,9133,Yeg-7,CS78867,45.3622,39.8692,Armenia,73.25,7131
FT10,9134,Yeg-8,CS78868,45.3622,39.8692,Armenia,79.75,7132
FT10,915,LIN S-5,CS77040,-71.4378,41.8972,US,63.75,7133
FT10,9298,Edi-1,CS76832,-3.21833,55.9681,UK,60.0,7134
FT10,9312,Ullapool-8,CS78821,-5.1525,57.9,UK,75.25,7135
FT10,9314,Gol-2,CS76883,-3.96722,57.9672,UK,74.25,7136
FT10,932,CHA-41,CS76765,-71.1445,42.3634,US,78.0,7137
FT10,9321,Ådal 1,CS76643,18.336,62.8622,Sweden,106.75,7138
FT10,9323,Ådal 3,CS76644,18.336,62.8622,Sweden,97.0,7139
FT10,9330,Bag 1,,16.4052,56.9591,Sweden,90.5,7140
FT10,9332,Bar 1,CS76688,18.381,62.8698,Sweden,114.25,7141
FT10,9336,Bön 1,CS76715,18.4473,62.8794,Sweden,84.0,7142
FT10,9339,Böt 1,CS76720,15.0689,57.7133,Sweden,104.5,7143
FT10,9343,Dju-1,CS78896,18.1512,57.3089,Sweden,94.5,7144
FT10,9352,Död 2,CS76797,16.3675,57.2608,Sweden,127.75,7145
FT10,9353,Död 3,CS76798,16.3675,57.2608,Sweden,126.0,7146
FT10,9356,Eden 17,CS78645,18.1746,62.8762,Sweden,100.5,7147
FT10,9363,EdJ 2,CS76833,18.4045,62.9147,Sweden,134.0,7148
FT10,9369,EkS 2,CS76837,14.9986,57.6781,Sweden,81.75,7149
FT10,9371,FäL 1,CS76852,18.3175,63.016,Sweden,129.25,7150
FT10,9380,FlyA 3,CS76865,13.3742,55.7488,Sweden,101.0,7151
FT10,9381,Fri 1,CS76868,14.2091,55.8106,Sweden,98.25,7152
FT10,9382,Fri 2,CS76869,14.2091,55.8106,Sweden,99.0,7153
FT10,9383,Fri 3,CS76870,14.2091,55.8106,Sweden,99.3333333333,7154
FT10,9386,Grön 12,CS76891,18.1896,62.806,Sweden,115.5,7155
FT10,9388,Grön 14,CS76892,18.1896,62.806,Sweden,127.25,7156
FT10,9390,Hadd-1,CS78659,15.8979,57.3263,Sweden,79.75,7157
FT10,9391,Hadd-2,CS76905,15.8979,57.3263,Sweden,85.0,7158
FT10,9392,Hadd-3,CS76906,15.8979,57.3263,Sweden,87.25,7159
FT10,9394,Hag-2,CS76907,16.4063,56.5804,Sweden,110.6666666667,7160
FT10,9395,Hal-1,CS76908,15.0105,57.5089,Sweden,104.5,7161
FT10,9399,Hamm-1,CS76910,13.9905,55.4234,Sweden,97.0,7162
FT10,9402,Hel-3,CS76918,14.8549,57.8765,Sweden,92.25,7163
FT10,9404,HolA-1 1,CS76926,13.399,55.7491,Sweden,95.0,7164
FT10,9405,HolA-1 2,CS76927,13.399,55.7491,Sweden,103.5,7165
FT10,9407,HolA-2 2,CS76928,13.399,55.7491,Sweden,91.75,7166
FT10,9408,Kal 1,CS76959,13.9519,56.047,Sweden,108.25,7167
FT10,9409,Kia 1,CS76968,14.302,56.0573,Sweden,108.25,7168
FT10,9412,Kor 3,CS76981,16.1494,57.2746,Sweden,87.25,7169
FT10,9413,Kor 4,CS76982,16.1494,57.2746,Sweden,86.0,7170
FT10,9416,Kru-3,CS76986,18.3837,57.7215,Sweden,135.5,7171
FT10,9421,Lan 1,CS77009,14.3997,55.9745,Sweden,107.0,7172
FT10,9427,Näs 2,CS77122,18.4055,62.8815,Sweden,96.75,7173
FT10,9433,Nyl 13,CS77135,18.2763,62.9513,Sweden,138.0,7174
FT10,9434,Öde 2,CS78679,18.3659,62.8959,Sweden,110.25,7175
FT10,9436,Puk-1,CS77194,14.6806,56.1633,Sweden,89.0,7176
FT10,9437,Puk-2,CS77195,14.6806,56.1633,Sweden,91.75,7177
FT10,9442,Sim-1,CS77250,14.3398,55.5678,Sweden,104.75,7178
FT10,9450,Spro 1,CS77263,18.2109,57.2545,Sweden,88.0,7179
FT10,9451,Spro 2,CS77264,18.2109,57.2545,Sweden,107.5,7180
FT10,9452,Spro 3,CS77265,18.2109,57.2545,Sweden,101.5,7181
FT10,9453,Stenk-2,CS77274,18.5162,57.8009,Sweden,106.5,7182
FT10,9454,Stenk-3,CS77275,18.5162,57.8009,Sweden,101.25,7183
FT10,9455,Stenk-4,CS77276,18.5162,57.8009,Sweden,93.25,7184
FT10,9470,Tur-4,CS77399,14.8043,57.6511,Sweden,102.6666666667,7185
FT10,9476,VårA 1,CS78832,14.3336,55.5796,Sweden,120.25,7186
FT10,9481,Yst-1,CS78869,13.8484,55.4242,Sweden,110.5,7187
FT10,9503,11C1,CS76640,-3.21072,55.8877,UK,64.0,7188
FT10,9506,IP-Alo-0,CS76662,-7.47,40.11,POR,77.75,7189
FT10,9507,IP-Coa-0,CS76775,-7.5,38.45,POR,55.0,7190
FT10,9508,IP-Mos-1,CS77108,-7.11,40.04,POR,62.0,7191
FT10,9509,IP-Reg-0,CS77207,-7.4,39.29,POR,64.5,7192
FT10,9510,IP-Rei-0,CS77208,-7.59,38.75,POR,59.25,7193
FT10,9511,IP-Vav-0,CS78835,-8.02,38.53,POR,64.25,7194
FT10,9512,IP-Vid-1,CS78842,-7.84,38.22,POR,51.25,7195
FT10,9513,IP-Adc-5,CS76646,-4.07,38.77,Spain,71.75,7196
FT10,9514,IP-Adm-0,CS76647,-4.54,39.15,Spain,72.5,7197
FT10,9515,IP-Ala-0,CS76650,-6.89,39.72,Spain,56.25,7198
FT10,9516,IP-Ali-1,,-5.09,39.9,Spain,67.75,7199
FT10,9517,IP-All-0,CS76659,-7.8,42.19,Spain,64.0,7200
FT10,9518,IP-Alm-0,CS76660,-0.36,39.88,Spain,92.0,7201
FT10,9519,IP-Ang-0,CS78886,2.64,41.94,Spain,77.25,7202
FT10,9520,IP-Ara-4,CS76670,-3.68,41.7,Spain,113.5,7203
FT10,9521,IP-Bar-1,CS76689,2.13,41.43,Spain,69.75,7204
FT10,9522,IP-Bea-0,CS76695,-5.27,36.52,Spain,59.0,7205
FT10,9523,IP-Ben-0,CS76700,-2.66,38.37,Spain,86.75,7206
FT10,9524,IP-Ber-0,CS78887,-0.56,42.52,Spain,97.25,7207
FT10,9525,IP-Bis-0,CS76711,0.54,42.49,Spain,91.75,7208
FT10,9526,IP-Cab-3,CS76738,2.39,41.54,Spain,65.0,7209
FT10,9527,IP-Cad-0,CS76739,-5.74,40.37,Spain,86.25,7210
FT10,9528,IP-Cal-0,CS78890,-1.37,40.94,Spain,105.3333333333,7211
FT10,9529,IP-Cap-1,CS76741,-3.36,36.97,Spain,65.0,7212
FT10,9530,IP-Car-1,CS76742,-4.32,38.25,Spain,90.5,7213
FT10,9531,IP-Cdc-3,CS76761,-4.54,41.21,Spain,91.0,7214
FT10,9532,IP-Cdo-0,CS76762,-4.64,42.23,Spain,106.0,7215
FT10,9533,IP-Cem-0,CS76763,-4.32,41.15,Spain,89.0,7216
FT10,9534,IP-Cmo-3,CS76774,-4.65,40.05,Spain,69.75,7217
FT10,9535,IP-Coc-1,CS76776,3.19,42.31,Spain,93.5,7218
FT10,9536,IP-Cor-0,CS76782,-2.0,40.83,Spain,99.0,7219
FT10,9537,IP-Cum-1,CS76787,-6.66,38.07,Spain,64.25,7220
FT10,9538,IP-Cur-4,,-8.09,43.12,Spain,82.5,7221
FT10,9539,IP-Deh-1,CS76793,-6.67,40.29,Spain,78.5,7222
FT10,9540,IP-Elb-0,CS76838,2.34,41.81,Spain,75.25,7223
FT10,9541,IP-Fue-2,CS76871,-5.42,38.26,Spain,68.5,7224
FT10,9542,IP-Fun-0,CS76872,-4.05,40.79,Spain,90.0,7225
FT10,9543,IP-Gra-0,CS76886,-5.39,36.77,Spain,94.3333333333,7226
FT10,9544,IP-Gua-1,CS76894,-5.33,39.4,Spain,57.25,7227
FT10,9545,IP-Her-12,CS76920,-5.78,39.4,Spain,83.5,7228
FT10,9546,IP-Hom-4,CS76929,-1.68,40.82,Spain,148.5,7229
FT10,9547,IP-Hor-0,CS76930,2.62,41.67,Spain,79.25,7230
FT10,9548,IP-Hoy-0,CS76939,-5.0,40.4,Spain,128.0,7231
FT10,9549,IP-Hum-2,CS76943,-3.69,42.23,Spain,91.0,7232
FT10,9550,IP-Iso-4,CS76946,-5.37,43.05,Spain,130.25,7233
FT10,9551,IP-Jim-1,CS76955,-5.92,42.28,Spain,102.0,7234
FT10,9552,IP-Lab-7,CS76995,-4.5,40.87,Spain,128.75,7235
FT10,9553,IP-Ldd-0,CS77012,-4.71,41.58,Spain,100.75,7236
FT10,9554,IP-Lso-0,CS77055,-3.16,38.86,Spain,94.0,7237
FT10,9555,IP-Mar-1,CS77068,-3.93,39.58,Spain,93.5,7238
FT10,9556,IP-Men-2,CS77081,-4.34,39.66,Spain,76.25,7239
FT10,9557,IP-Moa-0,CS77102,0.7,42.46,Spain,107.25,7240
FT10,9558,IP-Moc-11,CS77103,-5.64,41.57,Spain,96.5,7241
FT10,9559,IP-Mon-5,CS77107,-4.38,38.06,Spain,56.75,7242
FT10,9560,IP-Mot-0,CS77109,-6.24,38.19,Spain,69.25,7243
FT10,9561,IP-Mun-0,CS77114,-5.04,40.71,Spain,101.0,7244
FT10,9562,IP-Mur-0,CS77115,2.0,41.67,Spain,93.25,7245
FT10,9563,IP-Nav-0,,-4.65,40.42,Spain,80.25,7246
FT10,9564,IP-Nog-17,CS77129,-1.6,40.45,Spain,122.25,7247
FT10,9565,IP-Orb-10,CS77152,-1.23,42.97,Spain,74.5,7248
FT10,9566,IP-Oso-0,,-4.36,42.44,Spain,104.0,7249
FT10,9567,IP-Pal-0,CS77159,1.3,42.34,Spain,113.0,7250
FT10,9568,IP-Pan-0,CS77160,-0.23,42.76,Spain,103.75,7251
FT10,9569,IP-Pds-1,CS77166,-6.45,42.87,Spain,99.0,7252
FT10,9570,IP-Pob-0,,1.03,41.35,Spain,105.0,7253
FT10,9571,IP-Pro-0,CS78914,-6.01,43.28,Spain,56.5,7254
FT10,9572,IP-Pue-0,,-3.05,42.75,Spain,111.25,7255
FT10,9573,IP-Rds-0,CS77206,2.99,41.86,Spain,70.25,7256
FT10,9574,IP-Rel-0,CS77209,-2.7,38.6,Spain,112.0,7257
FT10,9575,IP-Ren-6,,-4.21,42.77,Spain,118.5,7258
FT10,9576,IP-Rev-0,CS77213,-4.11,40.86,Spain,106.0,7259
FT10,9577,IP-Ria-0,CS77216,2.17,42.34,Spain,99.5,7260
FT10,9578,IP-Sac-0,CS77229,-6.7,42.13,Spain,75.25,7261
FT10,9579,IP-San-10,CS77232,-3.51,38.33,Spain,77.0,7262
FT10,9580,IP-Scm-0,,-3.57,38.68,Spain,78.25,7263
FT10,9581,IP-Sdv-3,CS77242,-5.12,42.84,Spain,111.0,7264
FT10,9582,IP-Ses-0,CS77244,-1.63,41.48,Spain,95.75,7265
FT10,9583,IP-Sne-0,CS77258,-3.38,37.09,Spain,96.75,7266
FT10,9584,IP-Stp-0,CS77283,-3.58,41.19,Spain,88.5,7267
FT10,9585,IP-Svi-0,CS77287,-7.39,43.4,Spain,52.25,7268
FT10,9586,IP-Tam-0,CS77340,-3.27,41.03,Spain,97.5,7269
FT10,9587,IP-Tdc-0,CS77344,-1.88,41.5,Spain,101.0,7270
FT10,9588,IP-Tol-7,CS77371,0.6,42.11,Spain,85.0,7271
FT10,9589,IP-Tor-1,CS77378,-2.83,41.6,Spain,85.75,7272
FT10,9590,IP-Trs-0,CS77387,-5.49,43.37,Spain,51.25,7273
FT10,9591,IP-Vad-0,CS78826,-3.59,42.86,Spain,67.0,7274
FT10,9592,IP-Vae-2,CS78827,-5.44,42.1,Spain,95.0,7275
FT10,9593,IP-Vaz-0,CS78836,-2.99,42.26,Spain,109.5,7276
FT10,9594,IP-Vdm-0,CS78837,1.01,42.04,Spain,95.0,7277
FT10,9595,IP-Vdt-0,CS78838,-5.5,40.89,Spain,80.5,7278
FT10,9596,IP-Ver-5,CS78841,-7.45,41.95,Spain,73.0,7279
FT10,9597,IP-Vig-1,CS78843,-2.53,42.31,Spain,69.75,7280
FT10,9598,IP-Vim-0,CS78844,-6.51,41.88,Spain,87.0,7281
FT10,9599,IP-Vin-0,CS78846,-5.77,42.8,Spain,84.75,7282
FT10,9600,IP-Vis-0,CS78848,-6.04,39.85,Spain,89.5,7283
FT10,9601,IP-Voz-0,CS78849,-1.88,41.85,Spain,97.0,7284
FT10,9602,IP-Vpa-1,CS78850,-3.96,40.5,Spain,77.25,7285
FT10,9603,IP-Vpe-3,,-4.72,42.83,Spain,96.0,7286
FT10,9604,IP-Yan-1,,-2.35,42.1,Spain,109.25,7287
FT10,9605,IP-Zar-0,,-4.19,40.55,Spain,104.0,7288
FT10,9606,Aitba-1,CS76649,-7.45,31.48,Morocco,63.0,7289
FT10,9607,Panik-1,CS77161,52.15,53.05,Russia,88.75,7290
FT10,9608,Karag-2,CS76961,59.44,51.37,Russia,58.0,7291
FT10,9609,Adam-1,CS76645,59.98,51.41,Russia,74.5,7292
FT10,9610,Lesno-4,CS77034,51.96,53.04,Russia,82.25,7293
FT10,9611,Lesno-1,CS77032,51.9,53.04,Russia,73.5,7294
FT10,9612,Lesno-2,CS77033,51.94,53.04,Russia,86.5,7295
FT10,9613,Balan-1,CS76687,61.41,55.36,Russia,81.75,7296
FT10,9614,Kurga-3,,65.33,55.53,Russia,85.5,7297
FT10,9615,Parti-1,CS77163,52.16,52.99,Russia,85.75,7298
FT10,9616,Krazo-1,CS76984,51.96,53.06,Russia,93.5,7299
FT10,9617,Karag-1,CS76960,59.44,51.37,Russia,70.75,7300
FT10,9618,Kurga-2,,65.08,55.61,Russia,89.25,7301
FT10,9619,Basta-1,CS76691,79.48,51.84,Russia,77.3333333333,7302
FT10,9620,Basta-2,CS76692,79.48,51.82,Russia,89.75,7303
FT10,9621,Basta-3,CS76693,79.46,51.84,Russia,92.0,7304
FT10,9622,Bijisk-4,CS76707,85.27,52.52,Russia,92.0,7305
FT10,9623,Chaba-1,,79.39,53.6,Russia,78.25,7306
FT10,9624,Chaba-2,CS76767,79.37,53.6,Russia,79.5,7307
FT10,9625,Kolyv-2,CS76977,82.59,51.31,Russia,91.75,7308
FT10,9626,Kolyv-3,CS76978,82.59,51.36,Russia,77.3333333333,7309
FT10,9627,Kolyv-5,CS76979,82.55,51.32,Russia,90.5,7310
FT10,9628,Kolyv-6,CS76980,82.54,51.33,Russia,78.5,7311
FT10,9629,K-oze-1,CS76957,82.18,51.35,Russia,98.0,7312
FT10,9630,K-oze-3,CS76958,82.16,51.34,Russia,84.75,7313
FT10,9631,Lebja-1,CS77015,80.79,51.65,Russia,98.5,7314
FT10,9632,Lebja-2,CS77016,80.82,51.67,Russia,92.0,7315
FT10,9633,Lebja-4,CS77017,80.83,51.63,Russia,88.25,7316
FT10,9634,Masl-1,CS77073,81.31,54.13,Russia,91.0,7317
FT10,9635,Nosov-1,CS77130,80.6,51.87,Russia,93.25,7318
FT10,9636,Noveg-1,CS77131,80.82,51.75,Russia,109.75,7319
FT10,9637,Noveg-2,CS77132,80.85,51.77,Russia,81.25,7320
FT10,9638,Noveg-3,CS77133,80.86,51.73,Russia,88.25,7321
FT10,9639,Panke-1,CS77162,80.31,53.82,Russia,78.0,7322
FT10,9640,Rakit-1,CS77202,80.06,51.87,Russia,92.75,7323
FT10,9641,Rakit-2,CS77203,80.06,51.9,Russia,82.6666666667,7324
FT10,9642,Rakit-3,CS77204,80.06,51.84,Russia,95.5,7325
FT10,9643,Sever-1,CS77245,79.31,52.1,Russia,85.0,7326
FT10,9644,Zupan-1,CS78882,18.72,45.07,CRO,76.75,7327
FT10,9645,Gradi-1,CS76887,18.7,45.17,CRO,77.5,7328
FT10,9646,Aiell-1,CS76648,16.170188,39.126899,Italy,62.5,7329
FT10,9647,Basen-1,CS76690,16.77,40.37,Italy,67.75,7330
FT10,9648,Bisig-1,CS76712,16.28,39.48,Italy,60.0,7331
FT10,9649,Bivio-1,CS76713,16.17,39.13,Italy,76.25,7332
FT10,9650,Corig-1,,16.51,39.6,Italy,83.25,7333
FT10,9651,Filet-1,CS76858,14.87,40.68,Italy,64.0,7334
FT10,9652,Fondi-1,,13.4,41.36,Italy,64.25,7335
FT10,9653,Giffo-1,CS76878,16.13,38.44,Italy,59.5,7336
FT10,9654,Liri-1,,13.77,41.41,Italy,62.25,7337
FT10,9655,Marce-1,CS77071,16.47,38.92,Italy,79.0,7338
FT10,9656,Marti-1,CS77072,17.31,40.64,Italy,78.25,7339
FT10,9657,Melic-1,CS77078,16.04,38.45,Italy,58.5,7340
FT10,9658,Nicas-1,CS77127,16.34,38.97,Italy,71.3333333333,7341
FT10,9659,Pigna-1,CS77177,14.18,41.18,Italy,71.25,7342
FT10,9660,Sarno-1,CS77236,14.57,40.84,Italy,53.25,7343
FT10,9661,Cimin-1,CS76771,16.21,39.58,Italy,55.25,7344
FT10,9662,Stilo-1,,16.47,38.47,Italy,80.0,7345
FT10,9663,Teano-1,CS77357,14.09,41.33,Italy,69.75,7346
FT10,9664,Mitterberg-1-179,CS78907,11.28,46.36,Italy,85.5,7347
FT10,9665,Mitterberg-1-180,CS78908,11.28,46.36,Italy,85.5,7348
FT10,9666,Mitterberg-1-182,CS78909,11.28,46.36,Italy,86.5,7349
FT10,9667,Mitterberg-1-183,CS78910,11.28,46.36,Italy,89.0,7350
FT10,9668,Mitterberg-2-184,CS77085,11.28,46.37,Italy,82.5,7351
FT10,9669,Mitterberg-2-185,CS77086,11.28,46.37,Italy,81.0,7352
FT10,9670,Mitterberg-2-186,CS77087,11.28,46.37,Italy,105.5,7353
FT10,9671,Mitterberg-3-187,CS77088,11.28,46.37,Italy,90.5,7354
FT10,9672,Mitterberg-3-188,CS77089,11.28,46.37,Italy,85.3333333333,7355
FT10,9673,Mitterberg-3-189,CS77090,11.28,46.37,Italy,87.5,7356
FT10,9674,Mitterberg-4-190,,11.29,46.37,Italy,86.75,7357
FT10,9675,Mitterberg-4-191,,11.29,46.37,Italy,78.0,7358
FT10,9676,Mitterberg-4-192,CS77093,11.29,46.37,Italy,87.75,7359
FT10,9677,Mitterberg-4-193,CS77094,11.29,46.37,Italy,81.75,7360
FT10,9678,Mitterberg-4-194,CS77095,11.29,46.37,Italy,69.0,7361
FT10,9679,Castelfed-1-195,CS76744,11.29,46.34,Italy,69.25,7362
FT10,9680,Castelfed-1-196,CS76745,11.29,46.34,Italy,62.75,7363
FT10,9681,Castelfed-1-197,CS76746,11.29,46.34,Italy,66.25,7364
FT10,9682,Castelfed-1-198,CS76747,11.29,46.34,Italy,77.75,7365
FT10,9683,Castelfed-1-199,CS76748,11.29,46.34,Italy,64.0,7366
FT10,9684,Castelfed-2-200,CS76749,11.29,46.34,Italy,84.0,7367
FT10,9685,Castelfed-2-201,CS76750,11.29,46.34,Italy,84.75,7368
FT10,9686,Castelfed-2-202,CS76751,11.29,46.34,Italy,84.3333333333,7369
FT10,9687,Castelfed-2-203,CS76752,11.29,46.34,Italy,88.5,7370
FT10,9688,Castelfed-2-204,,11.29,46.34,Italy,69.0,7371
FT10,9689,Castelfed-3-205,CS76754,11.29,46.34,Italy,67.75,7372
FT10,9690,Castelfed-3-206,CS76755,11.29,46.34,Italy,75.5,7373
FT10,9691,Castelfed-3-207,CS76756,11.29,46.34,Italy,74.0,7374
FT10,9692,Castelfed-3-208,CS76757,11.29,46.34,Italy,72.0,7375
FT10,9693,Castelfed-3-209,CS76758,11.29,46.34,Italy,68.5,7376
FT10,9694,Castelfed-4-210,CS78891,11.29,46.34,Italy,76.5,7377
FT10,9695,Castelfed-4-211,CS78892,11.29,46.34,Italy,103.5,7378
FT10,9696,Castelfed-4-214,CS78893,11.29,46.34,Italy,77.5,7379
FT10,9697,Dolen-1,CS76802,23.94,41.62,BUL,77.5,7380
FT10,9698,Goced-1,CS76882,23.85,41.57,BUL,81.0,7381
FT10,9699,Kolar-1,CS76974,23.14,41.37,BUL,74.25,7382
FT10,9700,Dolna-1-10,CS76803,23.1,42.32,BUL,80.0,7383
FT10,9701,Ivano-1,CS76954,25.91,43.7,BUL,85.5,7384
FT10,9702,Kolar-2,,23.14,41.38,BUL,81.0,7385
FT10,9703,Melni-1,CS77079,23.39,41.53,BUL,76.5,7386
FT10,9704,Melni-2,CS77080,23.39,41.53,BUL,75.5,7387
FT10,9705,Choto-1,CS76769,23.33,41.5,BUL,71.3333333333,7388
FT10,9706,Dospa-1,CS76807,24.18,41.64,BUL,95.25,7389
FT10,9707,Podvi-1,CS77187,24.84,41.57,BUL,80.5,7390
FT10,9708,Kardz-1,CS76962,25.35,41.62,BUL,89.0,7391
FT10,9709,Zerev-1-34,CS78878,23.13,41.85,BUL,82.0,7392
FT10,9710,Zerev-1-35,CS78879,23.13,41.85,BUL,80.5,7393
FT10,9711,Dolna-1-39,CS76804,23.1,42.32,BUL,75.0,7394
FT10,9712,Dolna-1-40,CS76805,23.1,42.32,BUL,77.0,7395
FT10,9713,Stara-1,CS77271,25.61,42.49,BUL,75.25,7396
FT10,9714,Grivo-1,CS76888,25.75,41.84,BUL,80.75,7397
FT10,9715,Krepo-1,,25.57,41.99,BUL,76.75,7398
FT10,9716,Leska-1-44,CS77030,24.98,41.54,BUL,102.6666666667,7399
FT10,9717,Kardz-2,CS76963,25.47,41.66,BUL,90.25,7400
FT10,9718,Smolj-1,CS77256,24.75,41.55,BUL,78.75,7401
FT10,9719,Koren-1,CS76983,25.69,41.83,BUL,72.5,7402
FT10,9720,Malak-1,CS77064,25.68,41.77,BUL,100.75,7403
FT10,9721,Schip-1,CS77239,25.33,42.72,BUL,77.5,7404
FT10,9722,Groch-1,CS76890,24.41,41.71,BUL,99.5,7405
FT10,9723,Slavi-2,CS77252,23.67,41.42,BUL,76.0,7406
FT10,9724,Leska-1-78,,24.98,41.54,BUL,73.5,7407
FT10,9725,Epidauros-1,CS76844,23.08,37.6,Greece,61.25,7408
FT10,9726,Faneronemi-3,CS76853,22.04,37.07,Greece,67.0,7409
FT10,9727,Olympia-2,CS77144,21.62,37.63,Greece,61.25,7410
FT10,9728,Stiav-1,CS77279,18.9,48.46,Slovakia,77.5,7411
FT10,9729,Stiav-2,CS77280,18.9,48.46,Slovakia,96.75,7412
FT10,9730,Bela-1,CS76696,18.94,48.47,Slovakia,89.0,7413
FT10,9731,Stiav-3,CS77281,18.9,48.46,Slovakia,92.5,7414
FT10,9732,Halca-1,CS76909,18.96,48.47,Slovakia,82.0,7415
FT10,9733,Bela-2,CS76697,18.94,48.47,Slovakia,80.0,7416
FT10,9734,Bela-3,,18.94,48.47,Slovakia,84.25,7417
FT10,9735,Bela-4,CS76699,18.94,48.47,Slovakia,85.5,7418
FT10,9736,Teiu-2,CS77361,25.17,44.69,Romania,78.0,7419
FT10,9737,Ulies-1,CS78815,22.62,45.95,Romania,85.75,7420
FT10,9738,Bran-1,CS76722,25.42,45.57,Romania,79.0,7421
FT10,9739,Toc-1,CS77370,22.33,46.01,Romania,86.0,7422
FT10,9740,Mandr-1,,21.43,46.16,Romania,89.75,7423
FT10,9741,Orast-1,CS77151,23.16,45.84,Romania,88.0,7424
FT10,9742,Teiu-1,,25.17,44.68,Romania,78.0,7425
FT10,9743,Furni-1,CS76873,25.0,45.14,Romania,79.5,7426
FT10,9744,Iasi-1,CS76944,27.59,47.16,Romania,78.75,7427
FT10,9745,Sij 1/96,CS77249,70.05,41.45,Uzbekistan,79.5,7428
FT10,9746,Malii-1,,22.3,43.71,Serbia,95.75,7429
FT10,9747,Zabar-1,CS78870,21.22,44.38,Serbia,86.0,7430
FT10,9748,Zagub-1,CS78871,21.71,44.23,Serbia,81.0,7431
FT10,9749,Knjas-1,CS76971,22.29,43.54,Serbia,74.75,7432
FT10,9750,Sukov-1,,22.65,43.0,Serbia,69.0,7433
FT10,9751,Ruma-1-25,,19.99,44.91,Serbia,90.5,7434
FT10,9752,Brest-1,,22.07,44.0,Serbia,91.75,7435
FT10,9753,Ruma-1-27,,19.99,44.91,Serbia,101.25,7436
FT10,9754,Sredn-1,CS77269,21.37,44.66,Serbia,79.25,7437
FT10,9755,Vajug-1,CS78828,22.56,44.56,Serbia,88.75,7438
FT10,9756,Staro-2,CS77273,21.08,44.3,Serbia,88.75,7439
FT10,9757,Staro-1,CS77272,21.08,44.3,Serbia,93.75,7440
FT10,9758,Altai-5,CS76433,88.4,47.75,China,71.25,7441
FT10,9759,Anz-0,CS76439,49.47,37.47,Iran,61.5,7442
FT10,9760,Baz-0,,1.66,48.81,France,55.75,7443
FT10,9761,Bik-1,CS76449,35.7,33.92,Lebanon,65.25,7444
FT10,9762,Etna-2,CS76487,14.98,37.69,Italy,95.5,7445
FT10,9764,Qar-8a,CS76581,35.84,34.1,Lebanon,69.75,7446
FT10,9766,Westkar-4,CS76629,74.16,42.26,Kyrgyzstan,57.75,7447
FT10,9767,Had-1b,,35.92,34.25,Lebanon,70.0,7448
FT10,9768,Ru4-16,CS77225,9.16,48.57,GER,74.5,7449
FT10,9769,HE-1,CS76916,8.99,48.55,GER,66.5,7450
FT10,9770,KBG2-13,CS76966,9.01,48.53,GER,67.0,7451
FT10,9771,Pfn-N2.2-6,CS77172,9.11,48.56,GER,62.5,7452
FT10,9772,Hof-1,CS76925,8.85,48.41,GER,67.0,7453
FT10,9773,Obn-1,,8.92,48.52,GER,74.75,7454
FT10,9774,Alt-1,CS76663,9.22,48.59,GER,68.0,7455
FT10,9775,Berg-1,CS76701,8.79,48.41,GER,60.0,7456
FT10,9776,Fell3-7,CS76857,8.79,48.43,GER,65.25,7457
FT10,9777,Gn-1,CS76880,9.17,48.57,GER,66.5,7458
FT10,9778,Bach-7,CS76679,8.84,48.41,GER,71.5,7459
FT10,9779,Bai-10,CS76682,8.78,48.5,GER,63.25,7460
FT10,9780,Fell2-4,CS76856,8.79,48.43,GER,72.25,7461
FT10,9781,Kus2-2,CS76990,9.11,48.52,GER,60.0,7462
FT10,9782,Lu3-30,CS77057,9.09,48.53,GER,63.25,7463
FT10,9783,Tu-PK-7,CS77396,9.05,48.52,GER,76.5,7464
FT10,9784,Erg2-6,CS76845,8.8,48.5,GER,60.25,7465
FT10,9785,Ha-HBT1-2,CS76898,9.02,48.54,GER,63.25,7466
FT10,9786,Ha-P-13,CS76901,9.01,48.54,GER,64.75,7467
FT10,9787,HI-4,CS76922,9.0,48.5,GER,70.5,7468
FT10,9788,KBG1-14,CS76965,9.01,48.53,GER,62.5,7469
FT10,9789,Obh-13,CS77140,8.96,48.39,GER,65.0,7470
FT10,9790,Gn2-3,CS76881,9.18,48.58,GER,66.75,7471
FT10,9791,Haes-1,CS76914,9.2,48.6,GER,65.3333333333,7472
FT10,9792,Lu4-2,CS77058,9.09,48.54,GER,62.75,7473
FT10,9793,Ru-N2,CS77224,9.16,48.57,GER,62.0,7474
FT10,9794,Tu-B1-2,CS77391,9.08,48.52,GER,69.25,7475
FT10,9795,Wank-2,CS78852,9.11,48.5,GER,57.75,7476
FT10,9796,Bach2-1,CS76680,8.84,48.41,GER,73.5,7477
FT10,9797,Ha-HBT2-10,CS76899,9.02,48.54,GER,69.0,7478
FT10,9798,Ha-P2-1,CS76902,9.01,48.54,GER,65.25,7479
FT10,9799,Hart-2,CS76913,8.85,48.39,GER,66.25,7480
FT10,9800,Ha-S-B,CS76903,9.01,48.54,GER,68.5,7481
FT10,9801,Ha-SP-2,CS76904,9.01,48.54,GER,62.0,7482
FT10,9802,Kus3-1,CS76991,9.11,48.51,GER,69.75,7483
FT10,9803,Muh-2,CS77113,8.76,48.42,GER,63.0,7484
FT10,9804,Obe1-15,CS77139,8.87,48.45,GER,65.75,7485
FT10,9805,Pfn-10,CS77171,9.09,48.54,GER,70.5,7486
FT10,9806,Ru-2,CS77223,9.16,48.56,GER,67.0,7487
FT10,9807,Schl-7,CS77240,9.22,48.6,GER,67.5,7488
FT10,9808,Tu-B2-3,CS77392,9.08,48.52,GER,75.25,7489
FT10,9809,Tu-KB-6,CS77393,9.05,48.52,GER,74.75,7490
FT10,9810,Tu-KS-7,CS77394,9.07,48.53,GER,69.25,7491
FT10,9811,Tu-NK-12,CS77395,9.05,48.52,GER,69.75,7492
FT10,9812,Tu-W1,CS77397,9.03,48.52,GER,67.75,7493
FT10,9813,BI-4,CS76706,8.77,48.4,GER,65.75,7494
FT10,9814,Fell1-10,CS76855,8.79,48.42,GER,71.5,7495
FT10,9815,Ha-HBT3-11,CS76900,9.02,48.54,GER,72.5,7496
FT10,9816,Tu-WH,CS77398,9.06,48.55,GER,63.0,7497
FT10,9817,IP-Ace-0,CS76642,-6.6,39.84,Spain,64.25,7498
FT10,9818,IP-Aln-30,,-0.25,41.14,Spain,79.5,7499
FT10,9819,IP-Amu-0,CS76664,-3.03,42.35,Spain,98.0,7500
FT10,9820,IP-Are-0,CS76671,-4.71,41.0,Spain,61.75,7501
FT10,9821,IP-Aru-0,CS76674,2.49,41.81,Spain,79.5,7502
FT10,9822,IP-Aul-0,CS76675,-4.02,40.52,Spain,82.0,7503
FT10,9823,IP-Bae-0,CS76681,-5.84,43.34,Spain,63.0,7504
FT10,9824,IP-Bes-5,CS76702,-4.91,42.91,Spain,115.5,7505
FT10,9825,IP-Boa-0,CS76714,-3.88,40.4,Spain,68.5,7506
FT10,9826,IP-Bor-0,CS76717,-6.71,42.49,Spain,77.0,7507
FT10,9827,IP-Bos-0,CS76719,0.69,42.78,Spain,69.25,7508
FT10,9828,IP-Bra-0,CS76721,-6.15,42.5,Spain,82.25,7509
FT10,9829,IP-Bur-0,,-4.75,40.43,Spain,83.25,7510
FT10,9830,IP-Bus-0,CS76736,-3.28,36.97,Spain,61.5,7511
FT10,9831,IP-Cas-0,CS76743,-3.39,38.54,Spain,86.25,7512
FT10,9832,IP-Cat-0,CS76759,-3.69,40.54,Spain,97.0,7513
FT10,9833,IP-Cha-0,CS76764,-4.21,40.38,Spain,75.75,7514
FT10,9834,IP-Cho-0,CS76768,-3.9,40.51,Spain,75.0,7515
FT10,9835,IP-Cir-0,CS76772,-6.57,40.61,Spain,81.75,7516
FT10,9836,IP-Cod-0,CS76777,-1.32,41.25,Spain,109.5,7517
FT10,9837,IP-Con-0,CS76780,-5.6,37.94,Spain,76.3333333333,7518
FT10,9838,IP-Cot-0,CS76784,-5.38,41.83,Spain,73.5,7519
FT10,9839,IP-Coy-0,CS76785,-4.27,40.44,Spain,102.75,7520
FT10,9840,IP-Dar-0,CS76792,-1.43,41.13,Spain,100.5,7521
FT10,9841,IP-Ees-0,CS76836,-4.15,40.59,Spain,77.75,7522
FT10,9842,IP-Ele-0,,-3.89,39.31,Spain,90.75,7523
FT10,9843,IP-Elp-0,CS76840,-3.92,40.53,Spain,62.75,7524
FT10,9844,IP-Esn-2,CS76846,0.19,42.27,Spain,89.25,7525
FT10,9845,IP-Evs-0,CS76848,-3.96,40.48,Spain,77.5,7526
FT10,9846,IP-Ezc-2,CS76849,-3.02,42.31,Spain,116.0,7527
FT10,9847,IP-Fel-2,CS76854,-5.7,43.31,Spain,60.0,7528
FT10,9848,IP-Glo-1,CS76879,-5.77,40.11,Spain,85.75,7529
FT10,9849,IP-Gud-3,CS76895,-4.11,40.65,Spain,99.0,7530
FT10,9850,IP-Hec-0,CS76917,-0.7,42.86,Spain,95.5,7531
FT10,9851,IP-Hue-3,CS76942,-6.1,42.96,Spain,119.5,7532
FT10,9852,IP-Ini-0,CS76945,-3.75,40.46,Spain,76.25,7533
FT10,9853,IP-Lac-0,CS76996,-5.91,43.33,Spain,56.75,7534
FT10,9854,IP-Laf-1,CS76997,-5.88,43.36,Spain,58.75,7535
FT10,9855,IP-Lam-0,CS77008,-3.89,40.57,Spain,73.0,7536
FT10,9856,IP-Lch-0,CS77010,-4.0,40.51,Spain,75.25,7537
FT10,9857,IP-Leg-0,CS77019,-3.8,40.33,Spain,65.75,7538
FT10,9858,IP-Loz-0,CS77051,-3.8,40.98,Spain,120.75,7539
FT10,9859,IP-Lro-0,CS77054,-3.88,40.5,Spain,76.25,7540
FT10,9860,IP-Lum-0,CS77059,-2.62,42.24,Spain,80.75,7541
FT10,9861,IP-Mac-0,CS77061,-3.21,40.72,Spain,107.5,7542
FT10,9862,IP-Mad-0,CS77062,-3.67,40.45,Spain,67.5,7543
FT10,9863,IP-Man-0,,-5.87,43.33,Spain,58.5,7544
FT10,9864,IP-Mat-0,CS77074,2.69,41.76,Spain,63.25,7545
FT10,9865,IP-Mdc-0,,-3.53,38.88,Spain,93.0,7546
FT10,9866,IP-Mdd-0,CS77076,-2.79,41.89,Spain,104.75,7547
FT10,9867,IP-Mie-1,CS77083,-3.22,40.94,Spain,101.75,7548
FT10,9868,IP-Moe-0,CS77104,2.37,41.78,Spain,70.25,7549
FT10,9869,IP-Moj-0,CS77105,-5.28,36.76,Spain,86.25,7550
FT10,9870,IP-Moz-0,CS77111,0.17,41.91,Spain,100.5,7551
FT10,9871,IP-Nac-0,CS77117,-3.99,40.75,Spain,105.0,7552
FT10,9872,IP-Nag-0,,-4.11,40.49,Spain,105.5,7553
FT10,9873,IP-Ndc-0,CS77125,-5.45,37.94,Spain,66.75,7554
FT10,9874,IP-Oja-0,CS77143,-3.0,42.34,Spain,68.75,7555
FT10,9875,IP-Ovi-1,CS77155,-5.87,43.38,Spain,63.75,7556
FT10,9876,IP-Pad-0,CS77158,0.99,41.34,Spain,87.25,7557
FT10,9877,IP-Pdl-0,CS77165,-5.6,43.02,Spain,124.75,7558
FT10,9878,IP-Pee-0,CS77167,-3.62,40.78,Spain,113.25,7559
FT10,9879,IP-Per-0,CS77169,-1.12,37.6,Spain,68.5,7560
FT10,9880,IP-Pib-1,CS77175,-3.44,42.72,Spain,91.5,7561
FT10,9881,IP-Pie-0,CS77176,-5.32,40.46,Spain,82.0,7562
FT10,9882,IP-Pil-0,CS77178,-4.26,40.46,Spain,78.5,7563
FT10,9883,IP-Piq-0,CS77179,-2.56,42.1,Spain,60.0,7564
FT10,9884,IP-Pos-1,,-3.04,42.25,Spain,97.0,7565
FT10,9885,IP-Prd-0,CS77189,-3.68,41.14,Spain,116.25,7566
FT10,9886,IP-Pru-0,CS77190,1.73,42.38,Spain,85.75,7567
FT10,9887,IP-Pun-0,CS77196,-4.77,40.4,Spain,89.3333333333,7568
FT10,9888,IP-Pva-1,CS77197,-3.31,40.93,Spain,86.25,7569
FT10,9889,IP-Ras-0,,-3.87,40.86,Spain,153.5,7570
FT10,9890,IP-Rib-1,CS77217,-5.07,43.16,Spain,96.0,7571
FT10,9891,IP-Sal-0,CS77230,2.92,41.93,Spain,83.0,7572
FT10,9892,IP-Sam-0,CS77231,-6.96,42.68,Spain,88.5,7573
FT10,9893,IP-Sca-0,,-5.37,37.96,Spain,60.0,7574
FT10,9894,IP-Sen-0,CS77243,0.76,42.59,Spain,88.25,7575
FT10,9895,IP-Sfb-6,CS77248,2.57,41.78,Spain,75.75,7576
FT10,9896,IP-Slc-3,,-3.74,38.47,Spain,79.5,7577
FT10,9897,IP-Smt-1,CS77257,-5.63,40.95,Spain,81.0,7578
FT10,9898,IP-Som-0,CS77259,-3.58,41.14,Spain,97.75,7579
FT10,9899,IP-Tau-0,CS77342,0.84,42.54,Spain,70.75,7580
FT10,9900,IP-Tri-0,CS77386,-6.01,37.38,Spain,53.0,7581
FT10,9901,IP-Urd-1,CS78824,-2.98,42.27,Spain,117.0,7582
FT10,9902,IP-Usa-0,CS78825,-3.24,40.71,Spain,98.0,7583
FT10,9903,IP-Val-0,CS78829,-3.1,42.31,Spain,108.0,7584
FT10,9904,IP-Vas-0,CS78833,-3.31,40.95,Spain,107.5,7585
FT10,9905,IP-Ven-0,CS78840,-4.01,40.76,Spain,89.75,7586
FT10,9906,IP-Mah-6,CS77063,4.25,40.0,Spain,88.0,7587
FT10,9907,ENC-2-1,,3.6,50.86,France,67.5,7588
FT10,9908,ESP-1-11,CS76847,3.47,50.72,France,65.25,7589
FT10,9909,GEN-8,CS76877,3.3,50.59,France,87.0,7590
FT10,991,Ale-Stenar-41-1,CS76651,14.05,55.3833,Sweden,110.5,7591
FT10,9910,BRI-2,CS76725,3.52,50.68,France,70.0,7592
FT10,9911,ARGE-1-15,CS76672,4.28,47.16,France,66.0,7593
FT10,9913,CON-7,,4.43,47.24,France,81.5,7594
FT10,9914,IST-29,CS76948,5.33,47.58,France,74.75,7595
FT10,9915,MAR-4-16,CS77069,3.94,47.45,France,84.25,7596
FT10,9916,MOL-1,,4.22,47.1,France,68.75,7597
FT10,9917,RAD-21,CS77200,4.34,46.69,France,75.25,7598
FT10,9918,SAUL-24,CS77237,5.21,47.43,France,81.25,7599
FT10,9919,BRE-14,,4.45,48.85,France,67.75,7600
FT10,992,Ale-Stenar-44-4,CS76652,14.05,55.3833,Sweden,116.0,7601
FT10,9920,DIR-9,CS76796,4.32,48.54,France,64.0,7602
FT10,9921,FOR-23,CS76867,4.41,48.57,France,64.5,7603
FT10,9922,MIL-2,,4.7,48.52,France,62.75,7604
FT10,9923,PLO-1,,4.46,48.58,France,66.25,7605
FT10,9924,PLY-20,CS77181,4.24,48.59,France,66.5,7606
FT10,9925,RUM-20,CS77226,4.52,48.91,France,92.5,7607
FT10,9926,TRE-1,CS77385,4.1,48.86,France,67.0,7608
FT10,9927,ARR-17,CS76673,3.69,44.05,France,87.75,7609
FT10,9928,BEZ-9,CS76703,3.77,44.12,France,83.5,7610
FT10,9929,ISS-20,CS76947,3.71,43.92,France,85.25,7611
FT10,9930,LEC-25,CS77018,4.14,43.91,France,75.75,7612
FT10,9931,MOU2-25,,4.31,43.98,France,57.0,7613
FT10,9932,NOZ-6,CS77134,4.33,44.12,France,81.5,7614
FT10,9933,VED-10,CS78839,3.89,43.74,France,76.75,7615
FT10,9934,QUI-8,,4.08,44.07,France,56.0,7616
FT10,9935,BAU-15,CS76694,2.93,50.6,France,79.25,7617
FT10,9936,LCL-16,,3.46,50.47,France,71.75,7618
FT10,9937,CATS-6,CS76760,2.69,50.79,France,67.0,7619
FT10,9938,WAV-8,CS78854,2.99,50.65,France,67.25,7620
FT10,9939,Aitba-2,CS76347,-7.45,31.48,Morocco,75.25,7621
FT10,9940,Toufl-1,,-7.42,31.47,Morocco,67.0,7622
FT10,9941,Fei-0,CS76412,-8.54,40.92,POR,70.0,7623
FT10,9942,Agu-1,CS76409,-1.34,41.32,Spain,65.6666666667,7624
FT10,9943,Cdm-0,CS76410,-5.74,39.73,Spain,74.0,7625
FT10,9944,Don-0,CS76411,-6.36,36.83,Spain,75.75,7626
FT10,9945,Leo-1,CS76413,-3.11,41.8,Spain,113.5,7627
FT10,9946,Mer-6,CS76414,-6.34,38.92,Spain,61.5,7628
FT10,9947,Ped-0,CS76415,-3.9,40.74,Spain,104.5,7629
FT10,9948,Pra-6,CS76416,-3.54,41.05,Spain,105.0,7630
FT10,9949,Qui-0,CS76417,-6.93,42.69,Spain,76.75,7631
FT10,9950,Vie-0,CS76418,0.76,42.63,Spain,99.0,7632
FT10,9951,Kly-1,CS76385,82.5667,51.3333,Russia,98.75,7633
FT10,9952,Kly-4,CS76384,82.55,51.32,Russia,86.0,7634
FT10,9953,Koz-2,CS76383,82.19,51.33,Russia,88.0,7635
FT10,9954,Leb-3,,80.82,51.65,Russia,97.5,7636
FT10,9955,Stepn-2,CS76377,60.46,54.09,Russia,80.5,7637
FT10,9956,Stepn-1,CS76378,60.48,54.06,Russia,72.75,7638
FT10,9957,Borsk-2,CS76421,51.75,53.04,Russia,83.75,7639
FT10,9958,Shigu-1,CS76375,49.48,53.33,Russia,82.0,7640
FT10,9959,Shigu-2,CS76374,49.48,53.33,Russia,81.5,7641
FT10,9960,Kidr-1,CS76376,57.56,51.31,Russia,82.5,7642
FT10,9961,Krazo-2,,52.0,53.09,Russia,84.25,7643
FT10,9962,Galdo-1,CS76423,15.32,40.57,Italy,78.0,7644
FT10,9963,Lago-1,CS76367,16.26,39.18,Italy,75.0,7645
FT10,9964,Mammo-1,CS76365,16.23,38.36,Italy,70.0,7646
FT10,9965,Mammo-2,CS76364,16.22,38.38,Italy,70.5,7647
FT10,9966,Monte-1,CS76361,15.65,40.28,Italy,90.5,7648
FT10,9967,Moran-1,,16.17,39.83,Italy,70.0,7649
FT10,9968,Timpo-1,CS76424,16.27,39.27,Italy,66.75,7650
FT10,9969,Valsi-1,CS76425,16.45,40.18,Italy,68.75,7651
FT10,997,Ale-Stenar-56-14,CS76653,14.05,55.3833,Sweden,101.25,7652
FT10,9970,Altenb-2,CS76353,11.24,46.37,Italy,86.5,7653
FT10,9971,Bozen-1.1,CS76357,11.33,46.51,Italy,70.5,7654
FT10,9972,Bozen-1.2,CS76358,11.33,46.51,Italy,63.0,7655
FT10,9973,Mitterberg-1-181,CS76354,11.28,46.36,Italy,94.25,7656
FT10,9974,Castelfed-4-212,CS76355,11.29,46.34,Italy,94.0,7657
FT10,9975,Castelfed-4-213,CS76356,11.29,46.34,Italy,79.25,7658
FT10,9976,Rovero-1,CS76351,11.17,46.25,Italy,79.0,7659
FT10,9977,Vezzano-2.1,,10.82,46.63,Italy,94.75,7660
FT10,9978,Vezzano-2.2,CS76350,10.82,46.63,Italy,80.25,7661
FT10,9979,Voeran-1,CS76352,11.23,46.36,Italy,82.5,7662
FT10,9980,Angel-1,CS76362,16.17,38.62,Italy,68.5,7663
FT10,9981,Angit-1,CS76366,16.24,38.76,Italy,69.25,7664
FT10,9982,Apost-1,CS76368,16.47,39.01,Italy,85.5,7665
FT10,9983,Ciste-1,CS76359,12.87,41.62,Italy,63.0,7666
FT10,9984,Ciste-2,CS76360,12.87,41.62,Italy,65.75,7667
FT10,9985,Slavi-1,CS76419,23.65,41.43,BUL,71.0,7668
FT10,9986,Jablo-1,CS76372,25.2,41.59,BUL,89.3333333333,7669
FT10,9987,Lecho-1,CS76371,23.5,41.43,BUL,91.0,7670
FT10,9988,Bak-2,CS76392,43.4767,41.7942,Georgia,95.5,7671
FT10,9989,Bak-7,,43.4767,41.7942,Georgia,103.5,7672
FT10,9990,Lag2-2,CS76390,46.2831,41.8296,Georgia,83.75,7673
FT10,9991,Vash-1,CS76391,46.3728,41.2381,Georgia,90.5,7674
FT10,9992,Dog-4,,42.2239,38.3011,Turkey,92.25,7675
FT10,9993,Nemrut-1,CS76398,42.2394,38.6425,Turkey,97.75,7676
FT10,9994,Ey15-2,,8.77,48.43,GER,78.0,7677
FT10,9995,HKT2.4,CS76404,9.4,48.14,GER,64.25,7678
FT10,9996,Nie1-2,CS76402,8.8,48.52,GER,61.3333333333,7679
FT10,9997,Rue3.1-31,CS76406,9.16,48.56,GER,70.25,7680
FT10,9998,Star-8,CS76400,8.82,48.43,GER,68.0,7681
FT10,9999,TueSB30-3,CS76403,9.06,48.53,GER,72.0,7682
